gid,role,role_score,cluster_id,priority_score,evidence
100000000011452100,peripheral,0.35,10,0.3422,"Выраженных признаков роли в доступной выборке нет. Вход: 3 пл., 110 000 KZT; выход: 1 пол., 16 685 KZT."
100000000018102100,peripheral,0.2,10,0.1956,"Колено 4: исходящие переводы за пределом обхода неизвестны. Вход: 1 пл., 7 000 KZT; выход: 0 пол., 0 KZT."
100000000031787100,transit,0.8433,29,0.3875,"Наблюдаемый выход/вход 1.00. 44% исходящего объёма в дни притока или через 1–2 дня. Вход: 1 пл., 90 000 KZT; выход: 2 пол., 90 000 KZT."
100000000041368100,terminal,0.55,8,0.5074,Получено 160 000 KZT от 1 плательщиков; исходящих переводов в выборке нет (колено 1).
100000000076451100,peripheral,0.35,34,0.4861,"Выраженных признаков роли в доступной выборке нет. Вход: 3 пл., 87 707 KZT; выход: 4 пол., 58 000 KZT."
100000000089154100,distributor,1,1,0.4797,"Распределяет средства 15 получателям. Вход: 1 пл., 10 000 KZT; выход: 15 пол., 425 500 KZT."
100000000190228100,peripheral,0.35,11,0.4209,"Выраженных признаков роли в доступной выборке нет. Вход: 1 пл., 5 000 KZT; выход: 1 пол., 28 560 KZT."
100000000201868100,transit,0.91,2,0.3936,"Наблюдаемый выход/вход 1.00. 100% исходящего объёма в дни притока или через 1–2 дня. Вход: 1 пл., 190 000 KZT; выход: 1 пол., 190 000 KZT."
100000000254336100,peripheral,0.35,4,0.3965,"Выраженных признаков роли в доступной выборке нет. Вход: 2 пл., 97 177 KZT; выход: 1 пол., 60 000 KZT."
100000000267734100,peripheral,0.35,29,0.391,"Выраженных признаков роли в доступной выборке нет. Вход: 2 пл., 180 000 KZT; выход: 7 пол., 282 000 KZT."
100000000274067100,peripheral,0.35,11,0.4005,"Выраженных признаков роли в доступной выборке нет. Вход: 2 пл., 517 704 KZT; выход: 3 пол., 2 969 000 KZT."
100000000287768100,terminal,0.55,4,0.3042,Получено 35 168 KZT от 1 плательщиков; исходящих переводов в выборке нет (колено 3).
100000000288317100,peripheral,0.35,10,0.354,"Выраженных признаков роли в доступной выборке нет. Вход: 2 пл., 100 000 KZT; выход: 3 пол., 53 500 KZT."
100000000291906100,transit,0.6916,39,0.407,"Наблюдаемый выход/вход 1.17. 42% исходящего объёма в дни притока или через 1–2 дня. Вход: 2 пл., 388 000 KZT; выход: 2 пол., 455 854 KZT."
100000000291908100,peripheral,0.35,39,0.3348,"Выраженных признаков роли в доступной выборке нет. Вход: 1 пл., 295 500 KZT; выход: 1 пол., 13 300 KZT."
100000000297649100,peripheral,0.35,13,0.4987,"Выраженных признаков роли в доступной выборке нет. Вход: 1 пл., 40 000 KZT; выход: 1 пол., 70 600 KZT."
100000000299820100,peripheral,0.2,10,0.1999,"Колено 4: исходящие переводы за пределом обхода неизвестны. Вход: 1 пл., 10 000 KZT; выход: 0 пол., 0 KZT."
100000000307908100,terminal,0.55,35,0.2743,Получено 5 000 KZT от 1 плательщиков; исходящих переводов в выборке нет (колено 2).
100000000331309100,coordinator,1,6,0.8965,"Связи от 4 исходных клиентов; высокая посредническая роль. Вход: 5 пл., 984 635 KZT; выход: 99 пол., 23 001 375 KZT."
100000000332284100,consolidator,1,1,0.5901,"Получает от 10 разных плательщиков; связи от 3 исходных клиентов. Вход: 10 пл., 107 426 KZT; выход: 3 пол., 289 500 KZT."
100000000343175100,coordinator,1,15,0.3385,"Связи от 5 исходных клиентов; высокая посредническая роль. Вход: 8 пл., 178 712 KZT; выход: 31 пол., 4 000 039 KZT."
100000000369781100,peripheral,0.2,6,0.2875,"Колено 4: исходящие переводы за пределом обхода неизвестны. Вход: 1 пл., 5 000 KZT; выход: 0 пол., 0 KZT."
100000000375150100,peripheral,0.2,32,0.2416,"Колено 4: исходящие переводы за пределом обхода неизвестны. Вход: 1 пл., 300 000 KZT; выход: 0 пол., 0 KZT."
100000000404740100,peripheral,0.2,26,0.2112,"Колено 4: исходящие переводы за пределом обхода неизвестны. Вход: 1 пл., 25 000 KZT; выход: 0 пол., 0 KZT."
100000000408846100,terminal,0.55,27,0.3063,Получено 40 500 KZT от 1 плательщиков; исходящих переводов в выборке нет (колено 3).
100000000413678100,peripheral,0.35,14,0.4999,"Выраженных признаков роли в доступной выборке нет. Вход: 2 пл., 306 500 KZT; выход: 3 пол., 528 198 KZT."
100000000424935100,peripheral,0.2,21,0.2049,"Колено 4: исходящие переводы за пределом обхода неизвестны. Вход: 1 пл., 15 000 KZT; выход: 0 пол., 0 KZT."
100000000425407100,terminal,0.55,1,0.2955,Получено 20 000 KZT от 1 плательщиков; исходящих переводов в выборке нет (колено 2).
100000000437046100,coordinator,1,4,0.799,"Связи от 4 исходных клиентов; высокая посредническая роль. Вход: 9 пл., 1 107 200 KZT; выход: 42 пол., 7 606 224 KZT."
100000000440392100,terminal,0.55,2,0.381,Получено 105 705 KZT от 1 плательщиков; исходящих переводов в выборке нет (колено 1).
100000000456947100,peripheral,0.2,48,0.036,"Выраженных признаков роли в доступной выборке нет. Вход: 0 пл., 0 KZT; выход: 0 пол., 0 KZT."
100000000470237100,peripheral,0.2,21,0.2144,"Колено 4: исходящие переводы за пределом обхода неизвестны. Вход: 1 пл., 32 500 KZT; выход: 0 пол., 0 KZT."
100000000481716100,terminal,0.55,9,0.2815,Получено 8 000 KZT от 1 плательщиков; исходящих переводов в выборке нет (колено 3).
100000000489417100,transit,0.8349,1,0.4539,"Наблюдаемый выход/вход 1.09. 100% исходящего объёма в дни притока или через 1–2 дня. Вход: 3 пл., 73 504 KZT; выход: 1 пол., 80 000 KZT."
100000000490383100,distributor,0.8346,2,0.5701,"Распределяет средства 8 получателям. Вход: 3 пл., 62 600 KZT; выход: 8 пол., 461 375 KZT."
100000000500040100,peripheral,0.2,4,0.2564,"Колено 4: исходящие переводы за пределом обхода неизвестны. Вход: 1 пл., 20 000 KZT; выход: 0 пол., 0 KZT."
100000000507799100,peripheral,0.35,2,0.3486,"Выраженных признаков роли в доступной выборке нет. Вход: 1 пл., 5 132 KZT; выход: 1 пол., 8 000 KZT."
100000000533217100,terminal,0.55,1,0.3106,Получено 53 587 KZT от 1 плательщиков; исходящих переводов в выборке нет (колено 2).
100000000534581100,peripheral,0.35,10,0.449,"Выраженных признаков роли в доступной выборке нет. Вход: 2 пл., 55 960 KZT; выход: 1 пол., 40 000 KZT."
100000000542087100,peripheral,0.2,6,0.294,"Колено 4: исходящие переводы за пределом обхода неизвестны. Вход: 1 пл., 8 507 KZT; выход: 0 пол., 0 KZT."
100000000552584100,peripheral,0.35,23,0.4267,"Выраженных признаков роли в доступной выборке нет. Вход: 1 пл., 2 500 000 KZT; выход: 1 пол., 57 500 KZT."
100000000555721100,terminal,0.55,1,0.399,Получено 113 000 KZT от 2 плательщиков; исходящих переводов в выборке нет (колено 1).
100000000557536100,peripheral,0.2,6,0.3293,"Колено 4: исходящие переводы за пределом обхода неизвестны. Вход: 1 пл., 153 000 KZT; выход: 0 пол., 0 KZT."
100000000560751100,terminal,0.55,1,0.3589,Получено 25 000 KZT от 1 плательщиков; исходящих переводов в выборке нет (колено 3).
100000000561160100,peripheral,0.2,10,0.2868,"Колено 4: исходящие переводы за пределом обхода неизвестны. Вход: 1 пл., 240 000 KZT; выход: 0 пол., 0 KZT."
100000000569479100,terminal,0.55,10,0.338,Получено 320 000 KZT от 1 плательщиков; исходящих переводов в выборке нет (колено 3).
100000000572276100,peripheral,0.35,7,0.3058,"Выраженных признаков роли в доступной выборке нет. Вход: 1 пл., 13 075 KZT; выход: 1 пол., 34 547 KZT."
100000000580561100,peripheral,0.35,36,0.1745,"Выраженных признаков роли в доступной выборке нет. Вход: 2 пл., 27 980 KZT; выход: 3 пол., 1 488 077 KZT."
100000000581662100,peripheral,0.2,12,0.2091,"Колено 4: исходящие переводы за пределом обхода неизвестны. Вход: 1 пл., 21 160 KZT; выход: 0 пол., 0 KZT."
100000000581682100,peripheral,0.2,21,0.1915,"Колено 4: исходящие переводы за пределом обхода неизвестны. Вход: 1 пл., 5 000 KZT; выход: 0 пол., 0 KZT."
100000000583220100,peripheral,0.35,17,0.4087,"Выраженных признаков роли в доступной выборке нет. Вход: 1 пл., 5 000 KZT; выход: 1 пол., 761 255 KZT."
100000000594783100,peripheral,0.35,23,0.4401,"Выраженных признаков роли в доступной выборке нет. Вход: 1 пл., 2 635 000 KZT; выход: 2 пол., 152 500 KZT."
100000000596954100,peripheral,0.35,8,0.5182,"Выраженных признаков роли в доступной выборке нет. Вход: 1 пл., 120 000 KZT; выход: 2 пол., 48 100 KZT."
100000000600707100,peripheral,0.2,19,0.2267,"Колено 4: исходящие переводы за пределом обхода неизвестны. Вход: 1 пл., 89 000 KZT; выход: 0 пол., 0 KZT."
100000000607731100,peripheral,0.35,28,0.315,"Выраженных признаков роли в доступной выборке нет. Вход: 1 пл., 20 000 KZT; выход: 1 пол., 66 666 KZT."
100000000607941100,peripheral,0.35,2,0.4532,"Выраженных признаков роли в доступной выборке нет. Вход: 2 пл., 50 000 KZT; выход: 1 пол., 70 000 KZT."
100000000608031100,peripheral,0.2,20,0.2134,"Колено 4: исходящие переводы за пределом обхода неизвестны. Вход: 1 пл., 30 000 KZT; выход: 0 пол., 0 KZT."
100000000611474100,terminal,0.55,22,0.3027,Получено 32 000 KZT от 1 плательщиков; исходящих переводов в выборке нет (колено 3).
100000000625169100,terminal,0.55,5,0.2849,Получено 10 000 KZT от 1 плательщиков; исходящих переводов в выборке нет (колено 2).
100000000627521100,peripheral,0.2,6,0.2907,"Колено 4: исходящие переводы за пределом обхода неизвестны. Вход: 1 пл., 6 500 KZT; выход: 0 пол., 0 KZT."
100000000629812100,terminal,0.55,8,0.494,Получено 22 000 KZT от 2 плательщиков; исходящих переводов в выборке нет (колено 2).
100000000634341100,peripheral,0.2,4,0.2107,"Колено 4: исходящие переводы за пределом обхода неизвестны. Вход: 1 пл., 24 000 KZT; выход: 0 пол., 0 KZT."
100000000640800100,peripheral,0.35,14,0.3767,"Выраженных признаков роли в доступной выборке нет. Вход: 1 пл., 80 000 KZT; выход: 4 пол., 518 135 KZT."
100000000646541100,terminal,0.55,1,0.4481,Получено 25 300 KZT от 3 плательщиков; исходящих переводов в выборке нет (колено 2).
100000000655469100,peripheral,0.2,8,0.2564,"Колено 4: исходящие переводы за пределом обхода неизвестны. Вход: 1 пл., 20 000 KZT; выход: 0 пол., 0 KZT."
100000000656682100,transit,0.6823,4,0.4296,"Наблюдаемый выход/вход 1.13. 0% исходящего объёма в дни притока или через 1–2 дня. Вход: 1 пл., 71 000 KZT; выход: 2 пол., 80 000 KZT."
100000000661131100,terminal,0.55,7,0.2917,Получено 15 600 KZT от 1 плательщиков; исходящих переводов в выборке нет (колено 3).
100000000661912100,coordinator,0.81,4,0.5263,"Связи от 2 исходных клиентов; высокая посредническая роль. Вход: 5 пл., 393 036 KZT; выход: 2 пол., 430 700 KZT."
100000000667713100,peripheral,0.35,2,0.4967,"Выраженных признаков роли в доступной выборке нет. Вход: 2 пл., 119 495 KZT; выход: 6 пол., 79 236 KZT."
100000000673868100,peripheral,0.35,12,0.4022,"Выраженных признаков роли в доступной выборке нет. Вход: 1 пл., 2 030 650 KZT; выход: 5 пол., 383 000 KZT."
100000000673915100,peripheral,0.2,6,0.3046,"Колено 4: исходящие переводы за пределом обхода неизвестны. Вход: 1 пл., 20 200 KZT; выход: 0 пол., 0 KZT."
100000000703894100,peripheral,0.35,28,0.3238,"Выраженных признаков роли в доступной выборке нет. Вход: 1 пл., 120 000 KZT; выход: 1 пол., 35 000 KZT."
100000000703902100,terminal,0.55,5,0.2993,Получено 25 499 KZT от 1 плательщиков; исходящих переводов в выборке нет (колено 1).
100000000704700100,peripheral,0.2,24,0.1999,"Колено 4: исходящие переводы за пределом обхода неизвестны. Вход: 1 пл., 10 000 KZT; выход: 0 пол., 0 KZT."
100000000706545100,peripheral,0.35,2,0.4363,"Выраженных признаков роли в доступной выборке нет. Вход: 3 пл., 1 070 300 KZT; выход: 1 пол., 75 800 KZT."
100000000718427100,terminal,0.55,5,0.2771,Получено 6 000 KZT от 1 плательщиков; исходящих переводов в выборке нет (колено 2).
100000000723383100,peripheral,0.35,25,0.3314,"Выраженных признаков роли в доступной выборке нет. Вход: 1 пл., 6 800 KZT; выход: 2 пол., 75 000 KZT."
100000000724540100,peripheral,0.35,3,0.5038,"Выраженных признаков роли в доступной выборке нет. Вход: 1 пл., 50 000 KZT; выход: 1 пол., 100 000 KZT."
100000000733373100,terminal,0.55,2,0.406,Получено 10 710 KZT от 1 плательщиков; исходящих переводов в выборке нет (колено 2).
100000000733451100,peripheral,0.35,32,0.3977,"Выраженных признаков роли в доступной выборке нет. Вход: 1 пл., 70 000 KZT; выход: 1 пол., 300 000 KZT."
100000000733940100,peripheral,0.2,30,0.2528,"Колено 4: исходящие переводы за пределом обхода неизвестны. Вход: 1 пл., 752 000 KZT; выход: 0 пол., 0 KZT."
100000000737152100,peripheral,0.2,4,0.3113,"Колено 4: исходящие переводы за пределом обхода неизвестны. Вход: 1 пл., 35 000 KZT; выход: 0 пол., 0 KZT."
100000000749118100,peripheral,0.35,4,0.3574,"Выраженных признаков роли в доступной выборке нет. Вход: 1 пл., 10 330 KZT; выход: 1 пол., 16 500 KZT."
100000000764836100,peripheral,0.35,10,0.3469,"Выраженных признаков роли в доступной выборке нет. Вход: 1 пл., 251 716 KZT; выход: 2 пол., 50 000 KZT."
100000000765628100,terminal,0.55,2,0.2743,Получено 5 000 KZT от 1 плательщиков; исходящих переводов в выборке нет (колено 2).
100000000769919100,terminal,0.55,44,0.3342,Получено 250 000 KZT от 1 плательщиков; исходящих переводов в выборке нет (колено 2).
100000000782285100,terminal,0.55,17,0.2775,Получено 6 151 KZT от 1 плательщиков; исходящих переводов в выборке нет (колено 3).
100000000783406100,terminal,0.55,33,0.2773,Получено 6 066 KZT от 1 плательщиков; исходящих переводов в выборке нет (колено 3).
100000000785800100,transit,0.91,42,0.3583,"Наблюдаемый выход/вход 1.00. 100% исходящего объёма в дни притока или через 1–2 дня. Вход: 1 пл., 19 000 KZT; выход: 1 пол., 19 000 KZT."
100000000790311100,terminal,0.55,2,0.4284,Получено 46 300 KZT от 1 плательщиков; исходящих переводов в выборке нет (колено 2).
100000000791285100,peripheral,0.35,27,0.3833,"Выраженных признаков роли в доступной выборке нет. Вход: 1 пл., 1 120 000 KZT; выход: 3 пол., 650 000 KZT."
100000000795033100,terminal,0.55,4,0.3541,Получено 18 200 KZT от 1 плательщиков; исходящих переводов в выборке нет (колено 2).
100000000795129100,terminal,0.55,2,0.4585,Получено 332 000 KZT от 1 плательщиков; исходящих переводов в выборке нет (колено 2).
100000000795374100,terminal,0.55,10,0.3096,Получено 50 000 KZT от 1 плательщиков; исходящих переводов в выборке нет (колено 3).
100000000802149100,terminal,0.55,4,0.3208,Получено 104 128 KZT от 1 плательщиков; исходящих переводов в выборке нет (колено 3).
100000000803368100,peripheral,0.2,9,0.2322,"Колено 4: исходящие переводы за пределом обхода неизвестны. Вход: 1 пл., 139 503 KZT; выход: 0 пол., 0 KZT."
100000000806727100,peripheral,0.35,14,0.4865,"Выраженных признаков роли в доступной выборке нет. Вход: 1 пл., 45 000 KZT; выход: 1 пол., 5 000 KZT."
100000000810551100,peripheral,0.35,8,0.4999,"Выраженных признаков роли в доступной выборке нет. Вход: 1 пл., 100 000 KZT; выход: 1 пол., 7 100 KZT."
100000000817146100,terminal,0.55,2,0.4947,Получено 70 020 KZT от 1 плательщиков; исходящих переводов в выборке нет (колено 1).
100000000821507100,terminal,0.55,12,0.4614,Получено 400 000 KZT от 1 плательщиков; исходящих переводов в выборке нет (колено 2).
100000000831684100,peripheral,0.35,13,0.3105,"Выраженных признаков роли в доступной выборке нет. Вход: 1 пл., 15 000 KZT; выход: 1 пол., 50 000 KZT."
100000000838385100,peripheral,0.35,21,0.3574,"Выраженных признаков роли в доступной выборке нет. Вход: 1 пл., 436 900 KZT; выход: 2 пол., 177 500 KZT."
100000000850297100,transit,0.91,9,0.3571,"Наблюдаемый выход/вход 1.00. 100% исходящего объёма в дни притока или через 1–2 дня. Вход: 1 пл., 17 520 KZT; выход: 1 пол., 17 520 KZT."
100000000860514100,peripheral,0.35,26,0.3103,"Выраженных признаков роли в доступной выборке нет. Вход: 1 пл., 12 000 KZT; выход: 1 пол., 50 000 KZT."
100000000861294100,terminal,0.55,18,0.3264,Получено 150 000 KZT от 1 плательщиков; исходящих переводов в выборке нет (колено 2).
100000000870121100,terminal,0.55,17,0.3477,Получено 12 000 KZT от 1 плательщиков; исходящих переводов в выборке нет (колено 3).
100000000878006100,terminal,0.55,6,0.4286,Получено 47 003 KZT от 1 плательщиков; исходящих переводов в выборке нет (колено 3).
100000000896111100,terminal,0.55,23,0.3363,Получено 287 100 KZT от 1 плательщиков; исходящих переводов в выборке нет (колено 3).
100000000907277100,terminal,0.55,5,0.2935,Получено 17 534 KZT от 1 плательщиков; исходящих переводов в выборке нет (колено 1).
100000000910216100,peripheral,0.35,10,0.391,"Выраженных признаков роли в доступной выборке нет. Вход: 1 пл., 71 000 KZT; выход: 1 пол., 52 010 KZT."
100000000912487100,terminal,0.55,1,0.4049,Получено 10 000 KZT от 1 плательщиков; исходящих переводов в выборке нет (колено 2).
100000000913911100,peripheral,0.35,8,0.4258,"Выраженных признаков роли в доступной выборке нет. Вход: 2 пл., 467 000 KZT; выход: 1 пол., 600 000 KZT."
100000000917179100,terminal,0.55,9,0.3193,Получено 94 465 KZT от 1 плательщиков; исходящих переводов в выборке нет (колено 2).
100000000922570100,transit,0.7377,13,0.3555,"Наблюдаемый выход/вход 1.06. 0% исходящего объёма в дни притока или через 1–2 дня. Вход: 1 пл., 47 101 KZT; выход: 1 пол., 50 000 KZT."
100000000926078100,peripheral,0.2,4,0.2873,"Колено 4: исходящие переводы за пределом обхода неизвестны. Вход: 1 пл., 250 000 KZT; выход: 0 пол., 0 KZT."
100000000926766100,peripheral,0.35,26,0.2958,"Выраженных признаков роли в доступной выборке нет. Вход: 1 пл., 18 750 KZT; выход: 1 пол., 6 000 KZT."
100000000933075100,peripheral,0.35,13,0.3889,"Выраженных признаков роли в доступной выборке нет. Вход: 1 пл., 40 000 KZT; выход: 2 пол., 55 000 KZT."
100000000941942100,terminal,0.55,8,0.5042,Получено 130 000 KZT от 1 плательщиков; исходящих переводов в выборке нет (колено 1).
100000000942301100,terminal,0.55,4,0.3717,Получено 57 580 KZT от 1 плательщиков; исходящих переводов в выборке нет (колено 3).
100000000943371100,terminal,0.55,32,0.4716,Получено 15 500 KZT от 1 плательщиков; исходящих переводов в выборке нет (колено 2).
100000000945428100,terminal,0.55,1,0.3185,Получено 89 629 KZT от 1 плательщиков; исходящих переводов в выборке нет (колено 1).
100000000954884100,terminal,0.55,33,0.3037,Получено 34 000 KZT от 1 плательщиков; исходящих переводов в выборке нет (колено 3).
100000000955444100,terminal,0.55,36,0.2793,Получено 6 910 KZT от 1 плательщиков; исходящих переводов в выборке нет (колено 2).
100000000955529100,peripheral,0.35,8,0.3157,"Выраженных признаков роли в доступной выборке нет. Вход: 1 пл., 27 000 KZT; выход: 1 пол., 63 500 KZT."
100000000957746100,peripheral,0.2,20,0.2882,"Колено 4: исходящие переводы за пределом обхода неизвестны. Вход: 1 пл., 5 300 KZT; выход: 0 пол., 0 KZT."
100000000961900100,terminal,0.55,1,0.3215,Получено 36 000 KZT от 2 плательщиков; исходящих переводов в выборке нет (колено 1).
100000000967918100,terminal,0.55,4,0.3564,Получено 21 200 KZT от 1 плательщиков; исходящих переводов в выборке нет (колено 2).
100000000968253100,terminal,0.55,5,0.2911,Получено 15 000 KZT от 1 плательщиков; исходящих переводов в выборке нет (колено 1).
100000000971908100,terminal,0.55,18,0.3184,Получено 89 000 KZT от 1 плательщиков; исходящих переводов в выборке нет (колено 2).
100000000976943100,transit,0.6357,1,0.3528,"Наблюдаемый выход/вход 1.20. 13% исходящего объёма в дни притока или через 1–2 дня. Вход: 1 пл., 70 000 KZT; выход: 1 пол., 84 000 KZT."
100000000978041100,terminal,0.55,5,0.3078,Получено 44 445 KZT от 1 плательщиков; исходящих переводов в выборке нет (колено 1).
100000000979567100,terminal,0.55,5,0.2849,Получено 10 000 KZT от 1 плательщиков; исходящих переводов в выборке нет (колено 2).
100000000979923100,terminal,0.55,15,0.4998,Получено 97 900 KZT от 1 плательщиков; исходящих переводов в выборке нет (колено 1).
100000000981693100,peripheral,0.2,4,0.2541,"Колено 4: исходящие переводы за пределом обхода неизвестны. Вход: 1 пл., 16 500 KZT; выход: 0 пол., 0 KZT."
100000000993112100,terminal,0.55,19,0.3254,Получено 141 000 KZT от 1 плательщиков; исходящих переводов в выборке нет (колено 2).
100000000998559100,terminal,0.55,8,0.5002,Получено 100 000 KZT от 1 плательщиков; исходящих переводов в выборке нет (колено 1).
100000001009583100,terminal,0.55,6,0.4611,Получено 393 740 KZT от 1 плательщиков; исходящих переводов в выборке нет (колено 3).
100000001046057100,terminal,0.55,31,0.3174,Получено 83 420 KZT от 1 плательщиков; исходящих переводов в выборке нет (колено 3).
100000001046626100,terminal,0.55,6,0.4464,Получено 150 000 KZT от 1 плательщиков; исходящих переводов в выборке нет (колено 3).
100000001049200100,coordinator,0.85,2,0.5503,"Связи от 3 исходных клиентов; высокая посредническая роль. Вход: 2 пл., 76 624 KZT; выход: 4 пол., 36 000 KZT."
100000001052789100,terminal,0.55,16,0.3149,Получено 70 975 KZT от 1 плательщиков; исходящих переводов в выборке нет (колено 3).
100000001052945100,peripheral,0.35,9,0.3827,"Выраженных признаков роли в доступной выборке нет. Вход: 1 пл., 56 520 KZT; выход: 3 пол., 1 595 700 KZT."
100000001053894100,peripheral,0.2,6,0.3608,"Колено 4: исходящие переводы за пределом обхода неизвестны. Вход: 1 пл., 2 000 000 KZT; выход: 0 пол., 0 KZT."
100000001056414100,terminal,0.55,12,0.3942,Получено 250 000 KZT от 1 плательщиков; исходящих переводов в выборке нет (колено 3).
100000001063678100,peripheral,0.35,22,0.3935,"Выраженных признаков роли в доступной выборке нет. Вход: 1 пл., 35 000 KZT; выход: 2 пол., 90 000 KZT."
100000001065234100,peripheral,0.2,2,0.2438,"Колено 4: исходящие переводы за пределом обхода неизвестны. Вход: 1 пл., 360 000 KZT; выход: 0 пол., 0 KZT."
100000001065481100,peripheral,0.2,17,0.2057,"Колено 4: исходящие переводы за пределом обхода неизвестны. Вход: 1 пл., 16 000 KZT; выход: 0 пол., 0 KZT."
100000001066017100,peripheral,0.35,4,0.4263,"Выраженных признаков роли в доступной выборке нет. Вход: 2 пл., 136 123 KZT; выход: 4 пол., 82 500 KZT."
100000001072022100,terminal,0.55,8,0.5724,Получено 1 684 000 KZT от 3 плательщиков; исходящих переводов в выборке нет (колено 1).
100000001073568100,peripheral,0.35,9,0.3637,"Выраженных признаков роли в доступной выборке нет. Вход: 1 пл., 707 465 KZT; выход: 2 пол., 219 503 KZT."
100000001074553100,terminal,0.55,11,0.3782,Получено 28 971 KZT от 2 плательщиков; исходящих переводов в выборке нет (колено 1).
100000001083990100,terminal,0.55,13,0.3695,Получено 49 900 KZT от 1 плательщиков; исходящих переводов в выборке нет (колено 2).
100000001089055100,peripheral,0.2,20,0.2032,"Колено 4: исходящие переводы за пределом обхода неизвестны. Вход: 1 пл., 13 000 KZT; выход: 0 пол., 0 KZT."
100000001102676100,transit,0.91,19,0.4337,"Наблюдаемый выход/вход 1.00. 100% исходящего объёма в дни притока или через 1–2 дня. Вход: 1 пл., 50 000 KZT; выход: 1 пол., 50 000 KZT."
100000001103905100,terminal,0.55,5,0.2939,Получено 18 000 KZT от 1 плательщиков; исходящих переводов в выборке нет (колено 1).
100000001110358100,terminal,0.55,4,0.3797,Получено 32 000 KZT от 2 плательщиков; исходящих переводов в выборке нет (колено 3).
100000001111763100,terminal,0.55,5,0.2932,Получено 17 144 KZT от 1 плательщиков; исходящих переводов в выборке нет (колено 1).
100000001114385100,terminal,0.55,17,0.3615,Получено 29 500 KZT от 1 плательщиков; исходящих переводов в выборке нет (колено 2).
100000001126374100,peripheral,0.35,4,0.4249,"Выраженных признаков роли в доступной выборке нет. Вход: 4 пл., 182 500 KZT; выход: 2 пол., 29 200 KZT."
100000001130176100,terminal,0.55,18,0.4189,Получено 25 000 KZT от 1 плательщиков; исходящих переводов в выборке нет (колено 3).
100000001130553100,peripheral,0.2,6,0.3031,"Колено 4: исходящие переводы за пределом обхода неизвестны. Вход: 1 пл., 18 000 KZT; выход: 0 пол., 0 KZT."
100000001131403100,peripheral,0.2,9,0.2618,"Колено 4: исходящие переводы за пределом обхода неизвестны. Вход: 1 пл., 1 570 000 KZT; выход: 0 пол., 0 KZT."
100000001138283100,peripheral,0.35,10,0.3338,"Выраженных признаков роли в доступной выборке нет. Вход: 1 пл., 81 805 KZT; выход: 2 пол., 50 000 KZT."
100000001138376100,terminal,0.55,2,0.4114,Получено 15 300 KZT от 1 плательщиков; исходящих переводов в выборке нет (колено 2).
100000001140785100,terminal,0.55,3,0.4688,Получено 215 000 KZT от 2 плательщиков; исходящих переводов в выборке нет (колено 3).
100000001141268100,peripheral,0.35,3,0.474,"Выраженных признаков роли в доступной выборке нет. Вход: 2 пл., 480 000 KZT; выход: 1 пол., 10 000 KZT."
100000001145749100,terminal,0.55,8,0.3449,Получено 10 000 KZT от 1 плательщиков; исходящих переводов в выборке нет (колено 3).
100000001149815100,terminal,0.55,7,0.2877,Получено 12 000 KZT от 1 плательщиков; исходящих переводов в выборке нет (колено 3).
100000001155773100,terminal,0.55,7,0.2966,Получено 21 500 KZT от 1 плательщиков; исходящих переводов в выборке нет (колено 3).
100000001160401100,terminal,0.55,1,0.3087,Получено 47 190 KZT от 1 плательщиков; исходящих переводов в выборке нет (колено 3).
100000001162560100,distributor,0.999,3,0.4998,"Распределяет средства 12 получателям. Вход: 1 пл., 331 300 KZT; выход: 12 пол., 2 904 398 KZT."
100000001164648100,terminal,0.55,12,0.4267,Получено 13 660 KZT от 2 плательщиков; исходящих переводов в выборке нет (колено 1).
100000001166289100,peripheral,0.35,5,0.3599,"Выраженных признаков роли в доступной выборке нет. Вход: 2 пл., 721 039 KZT; выход: 1 пол., 25 000 KZT."
100000001169666100,peripheral,0.35,11,0.3313,"Выраженных признаков роли в доступной выборке нет. Вход: 1 пл., 220 000 KZT; выход: 1 пол., 24 000 KZT."
100000001184915100,terminal,0.55,2,0.4508,Получено 201 000 KZT от 1 плательщиков; исходящих переводов в выборке нет (колено 2).
100000001194266100,terminal,0.55,8,0.4896,Получено 50 000 KZT от 1 плательщиков; исходящих переводов в выборке нет (колено 1).
100000001202637100,peripheral,0.2,11,0.1999,"Колено 4: исходящие переводы за пределом обхода неизвестны. Вход: 1 пл., 10 000 KZT; выход: 0 пол., 0 KZT."
100000001202787100,peripheral,0.2,1,0.3144,"Колено 4: исходящие переводы за пределом обхода неизвестны. Вход: 2 пл., 14 850 KZT; выход: 0 пол., 0 KZT."
100000001220124100,peripheral,0.2,10,0.2649,"Колено 4: исходящие переводы за пределом обхода неизвестны. Вход: 1 пл., 40 000 KZT; выход: 0 пол., 0 KZT."
100000001222245100,peripheral,0.2,6,0.3417,"Колено 4: исходящие переводы за пределом обхода неизвестны. Вход: 1 пл., 420 000 KZT; выход: 0 пол., 0 KZT."
100000001222263100,peripheral,0.35,6,0.4751,"Выраженных признаков роли в доступной выборке нет. Вход: 1 пл., 745 570 KZT; выход: 1 пол., 420 000 KZT."
100000001223977100,peripheral,0.35,8,0.3552,"Выраженных признаков роли в доступной выборке нет. Вход: 1 пл., 5 000 KZT; выход: 1 пол., 18 000 KZT."
100000001227106100,terminal,0.55,6,0.4478,Получено 164 765 KZT от 1 плательщиков; исходящих переводов в выборке нет (колено 3).
100000001229743100,peripheral,0.35,1,0.2895,"Выраженных признаков роли в доступной выборке нет. Вход: 1 пл., 7 000 KZT; выход: 1 пол., 9 000 KZT."
100000001232297100,peripheral,0.35,32,0.4986,"Выраженных признаков роли в доступной выборке нет. Вход: 1 пл., 5 000 KZT; выход: 2 пол., 45 000 KZT."
100000001236706100,peripheral,0.35,1,0.5359,"Выраженных признаков роли в доступной выборке нет. Вход: 3 пл., 142 700 KZT; выход: 2 пол., 36 000 KZT."
100000001241318100,terminal,0.55,1,0.3104,Получено 53 000 KZT от 1 плательщиков; исходящих переводов в выборке нет (колено 2).
100000001246806100,peripheral,0.2,3,0.2313,"Колено 4: исходящие переводы за пределом обхода неизвестны. Вход: 1 пл., 130 000 KZT; выход: 0 пол., 0 KZT."
100000001248999100,terminal,0.55,20,0.298,Получено 23 425 KZT от 1 плательщиков; исходящих переводов в выборке нет (колено 3).
100000001249054100,peripheral,0.2,9,0.2547,"Колено 4: исходящие переводы за пределом обхода неизвестны. Вход: 1 пл., 17 375 KZT; выход: 0 пол., 0 KZT."
100000001250022100,terminal,0.55,18,0.3096,Получено 50 000 KZT от 1 плательщиков; исходящих переводов в выборке нет (колено 2).
100000001251686100,terminal,0.55,1,0.4139,Получено 18 000 KZT от 1 плательщиков; исходящих переводов в выборке нет (колено 2).
100000001252290100,peripheral,0.35,6,0.4433,"Выраженных признаков роли в доступной выборке нет. Вход: 1 пл., 141 005 KZT; выход: 1 пол., 5 000 KZT."
100000001253557100,consolidator,0.95,3,0.5975,"Получает от 5 разных плательщиков; связи от 5 исходных клиентов. Вход: 5 пл., 210 200 KZT; выход: 0 пол., 0 KZT."
100000001256409100,peripheral,0.2,14,0.1972,"Колено 4: исходящие переводы за пределом обхода неизвестны. Вход: 1 пл., 8 000 KZT; выход: 0 пол., 0 KZT."
100000001262647100,terminal,0.55,2,0.2981,Получено 23 650 KZT от 1 плательщиков; исходящих переводов в выборке нет (колено 2).
100000001270349100,terminal,0.55,11,0.3308,Получено 200 000 KZT от 1 плательщиков; исходящих переводов в выборке нет (колено 3).
100000001270470100,peripheral,0.2,4,0.2607,"Колено 4: исходящие переводы за пределом обхода неизвестны. Вход: 1 пл., 28 300 KZT; выход: 0 пол., 0 KZT."
100000001273783100,terminal,0.55,9,0.2978,Получено 23 200 KZT от 1 плательщиков; исходящих переводов в выборке нет (колено 2).
100000001275557100,peripheral,0.2,22,0.2084,"Колено 4: исходящие переводы за пределом обхода неизвестны. Вход: 1 пл., 20 000 KZT; выход: 0 пол., 0 KZT."
100000001275752100,terminal,0.55,3,0.3265,Получено 151 500 KZT от 1 плательщиков; исходящих переводов в выборке нет (колено 3).
100000001276409100,peripheral,0.2,9,0.2755,"Колено 4: исходящие переводы за пределом обхода неизвестны. Вход: 1 пл., 94 760 KZT; выход: 0 пол., 0 KZT."
100000001279272100,peripheral,0.35,4,0.3566,"Выраженных признаков роли в доступной выборке нет. Вход: 1 пл., 250 000 KZT; выход: 2 пол., 136 758 KZT."
100000001279875100,terminal,0.55,13,0.3093,Получено 49 235 KZT от 1 плательщиков; исходящих переводов в выборке нет (колено 2).
100000001280798100,terminal,0.55,9,0.2982,Получено 23 785 KZT от 1 плательщиков; исходящих переводов в выборке нет (колено 3).
100000001282143100,consolidator,0.95,12,0.6295,"Получает от 5 разных плательщиков; связи от 5 исходных клиентов. Вход: 5 пл., 1 700 000 KZT; выход: 0 пол., 0 KZT."
100000001285440100,terminal,0.55,3,0.3507,Получено 243 000 KZT от 2 плательщиков; исходящих переводов в выборке нет (колено 3).
100000001286703100,peripheral,0.2,6,0.3047,"Колено 4: исходящие переводы за пределом обхода неизвестны. Вход: 1 пл., 20 500 KZT; выход: 0 пол., 0 KZT."
100000001287955100,peripheral,0.35,12,0.3795,"Выраженных признаков роли в доступной выборке нет. Вход: 1 пл., 17 520 KZT; выход: 4 пол., 310 000 KZT."
100000001290243100,terminal,0.55,2,0.2849,Получено 10 000 KZT от 1 плательщиков; исходящих переводов в выборке нет (колено 2).
100000001297206100,peripheral,0.2,4,0.1951,"Колено 4: исходящие переводы за пределом обхода неизвестны. Вход: 1 пл., 6 758 KZT; выход: 0 пол., 0 KZT."
100000001298099100,terminal,0.55,9,0.2948,Получено 19 000 KZT от 1 плательщиков; исходящих переводов в выборке нет (колено 3).
100000001299323100,peripheral,0.2,3,0.2772,"Колено 4: исходящие переводы за пределом обхода неизвестны. Вход: 1 пл., 109 000 KZT; выход: 0 пол., 0 KZT."
100000001299443100,peripheral,0.2,12,0.1972,"Колено 4: исходящие переводы за пределом обхода неизвестны. Вход: 1 пл., 8 000 KZT; выход: 0 пол., 0 KZT."
100000001299828100,peripheral,0.2,4,0.2281,"Колено 4: исходящие переводы за пределом обхода неизвестны. Вход: 1 пл., 100 000 KZT; выход: 0 пол., 0 KZT."
100000001303311100,consolidator,0.87,3,0.5577,"Получает от 5 разных плательщиков; связи от 3 исходных клиентов. Вход: 5 пл., 1 324 000 KZT; выход: 0 пол., 0 KZT."
100000001307612100,terminal,0.55,5,0.3055,Получено 38 483 KZT от 1 плательщиков; исходящих переводов в выборке нет (колено 1).
100000001308856100,terminal,0.55,5,0.3001,Получено 27 000 KZT от 1 плательщиков; исходящих переводов в выборке нет (колено 2).
100000001311175100,peripheral,0.2,12,0.2416,"Колено 4: исходящие переводы за пределом обхода неизвестны. Вход: 1 пл., 300 000 KZT; выход: 0 пол., 0 KZT."
100000001317336100,peripheral,0.35,30,0.375,"Выраженных признаков роли в доступной выборке нет. Вход: 1 пл., 131 196 KZT; выход: 2 пол., 1 752 000 KZT."
100000001325618100,peripheral,0.2,12,0.1991,"Колено 4: исходящие переводы за пределом обхода неизвестны. Вход: 1 пл., 9 300 KZT; выход: 0 пол., 0 KZT."
100000001329153100,terminal,0.55,4,0.3864,Получено 150 687 KZT от 1 плательщиков; исходящих переводов в выборке нет (колено 3).
100000001330595100,peripheral,0.35,24,0.352,"Выраженных признаков роли в доступной выборке нет. Вход: 3 пл., 87 000 KZT; выход: 1 пол., 154 000 KZT."
100000001330685100,peripheral,0.35,6,0.5084,"Выраженных признаков роли в доступной выборке нет. Вход: 3 пл., 2 435 923 KZT; выход: 1 пол., 100 500 KZT."
100000001339466100,terminal,0.55,1,0.4217,Получено 30 000 KZT от 1 плательщиков; исходящих переводов в выборке нет (колено 2).
100000001346560100,peripheral,0.35,14,0.4924,"Выраженных признаков роли в доступной выборке нет. Вход: 2 пл., 10 000 KZT; выход: 1 пол., 22 200 KZT."
100000001362940100,terminal,0.55,8,0.4969,Получено 81 000 KZT от 1 плательщиков; исходящих переводов в выборке нет (колено 1).
100000001363952100,peripheral,0.35,14,0.3458,"Выраженных признаков роли в доступной выборке нет. Вход: 2 пл., 196 655 KZT; выход: 1 пол., 91 000 KZT."
100000001373265100,peripheral,0.35,10,0.3235,"Выраженных признаков роли в доступной выборке нет. Вход: 1 пл., 142 482 KZT; выход: 1 пол., 5 000 KZT."
100000001378288100,peripheral,0.2,14,0.2402,"Колено 4: исходящие переводы за пределом обхода неизвестны. Вход: 1 пл., 268 000 KZT; выход: 0 пол., 0 KZT."
100000001379511100,terminal,0.55,31,0.311,Получено 55 000 KZT от 1 плательщиков; исходящих переводов в выборке нет (колено 3).
100000001380054100,peripheral,0.35,28,0.3704,"Выраженных признаков роли в доступной выборке нет. Вход: 2 пл., 127 050 KZT; выход: 3 пол., 360 000 KZT."
100000001380107100,terminal,0.55,8,0.3371,Получено 6 000 KZT от 1 плательщиков; исходящих переводов в выборке нет (колено 3).
100000001380986100,terminal,0.55,3,0.3147,Получено 70 170 KZT от 1 плательщиков; исходящих переводов в выборке нет (колено 2).
100000001382002100,transit,0.7668,1,0.3605,"Наблюдаемый выход/вход 1.03. 0% исходящего объёма в дни притока или через 1–2 дня. Вход: 1 пл., 55 000 KZT; выход: 1 пол., 56 500 KZT."
100000001384826100,peripheral,0.35,6,0.4578,"Выраженных признаков роли в доступной выборке нет. Вход: 1 пл., 364 260 KZT; выход: 1 пол., 10 000 KZT."
100000001386612100,terminal,0.55,16,0.4329,Получено 62 264 KZT от 1 плательщиков; исходящих переводов в выборке нет (колено 2).
100000001389255100,terminal,0.55,5,0.2923,Получено 16 136 KZT от 1 плательщиков; исходящих переводов в выборке нет (колено 1).
100000001411870100,terminal,0.55,11,0.4307,Получено 900 000 KZT от 2 плательщиков; исходящих переводов в выборке нет (колено 1).
100000001415126100,peripheral,0.35,16,0.1801,"Выраженных признаков роли в доступной выборке нет. Вход: 1 пл., 27 000 KZT; выход: 0 пол., 0 KZT."
100000001418900100,terminal,0.55,5,0.3062,Получено 40 140 KZT от 1 плательщиков; исходящих переводов в выборке нет (колено 2).
100000001420847100,terminal,0.55,16,0.2955,Получено 20 000 KZT от 1 плательщиков; исходящих переводов в выборке нет (колено 2).
100000001427082100,peripheral,0.35,8,0.4183,"Выраженных признаков роли в доступной выборке нет. Вход: 1 пл., 5 000 KZT; выход: 5 пол., 124 900 KZT."
100000001429930100,peripheral,0.35,17,0.1798,"Выраженных признаков роли в доступной выборке нет. Вход: 1 пл., 26 000 KZT; выход: 0 пол., 0 KZT."
100000001439416100,peripheral,0.35,17,0.3382,"Выраженных признаков роли в доступной выборке нет. Вход: 1 пл., 10 000 KZT; выход: 2 пол., 165 000 KZT."
100000001445848100,peripheral,0.35,33,0.3507,"Выраженных признаков роли в доступной выборке нет. Вход: 1 пл., 546 000 KZT; выход: 1 пол., 351 850 KZT."
100000001463701100,terminal,0.55,15,0.5451,Получено 621 000 KZT от 2 плательщиков; исходящих переводов в выборке нет (колено 1).
100000001471706100,peripheral,0.2,16,0.2444,"Колено 4: исходящие переводы за пределом обхода неизвестны. Вход: 1 пл., 377 000 KZT; выход: 0 пол., 0 KZT."
100000001477796100,terminal,0.55,19,0.3293,Получено 182 000 KZT от 1 плательщиков; исходящих переводов в выборке нет (колено 1).
100000001484381100,terminal,0.55,9,0.3964,Получено 95 585 KZT от 2 плательщиков; исходящих переводов в выборке нет (колено 3).
100000001490461100,peripheral,0.35,11,0.3564,"Выраженных признаков роли в доступной выборке нет. Вход: 1 пл., 20 000 KZT; выход: 1 пол., 5 000 KZT."
100000001498732100,peripheral,0.2,31,0.1926,"Колено 4: исходящие переводы за пределом обхода неизвестны. Вход: 1 пл., 5 500 KZT; выход: 0 пол., 0 KZT."
100000001524952100,terminal,0.55,1,0.3207,Получено 103 807 KZT от 1 плательщиков; исходящих переводов в выборке нет (колено 1).
100000001526235100,distributor,0.8343,26,0.4544,"Распределяет средства 8 получателям. Вход: 3 пл., 82 000 KZT; выход: 8 пол., 432 750 KZT."
100000001527186100,terminal,0.55,8,0.5294,Получено 678 000 KZT от 1 плательщиков; исходящих переводов в выборке нет (колено 1).
100000001530709100,terminal,0.55,4,0.3707,Получено 53 961 KZT от 1 плательщиков; исходящих переводов в выборке нет (колено 3).
100000001530740100,terminal,0.55,2,0.2911,Получено 15 000 KZT от 1 плательщиков; исходящих переводов в выборке нет (колено 2).
100000001530983100,distributor,0.9533,8,0.6835,"Распределяет средства 11 получателям. Вход: 4 пл., 564 158 KZT; выход: 11 пол., 1 829 538 KZT."
100000001533161100,peripheral,0.2,1,0.2281,"Колено 4: исходящие переводы за пределом обхода неизвестны. Вход: 1 пл., 100 000 KZT; выход: 0 пол., 0 KZT."
100000001534244100,peripheral,0.35,3,0.4113,"Выраженных признаков роли в доступной выборке нет. Вход: 2 пл., 366 000 KZT; выход: 1 пол., 45 000 KZT."
100000001537524100,peripheral,0.2,3,0.2331,"Колено 4: исходящие переводы за пределом обхода неизвестны. Вход: 1 пл., 150 000 KZT; выход: 0 пол., 0 KZT."
100000001538095100,terminal,0.55,3,0.4729,Получено 280 000 KZT от 2 плательщиков; исходящих переводов в выборке нет (колено 3).
100000001541418100,terminal,0.55,3,0.3966,Получено 96 900 KZT от 2 плательщиков; исходящих переводов в выборке нет (колено 2).
100000001549194100,terminal,0.55,9,0.3084,Получено 46 500 KZT от 1 плательщиков; исходящих переводов в выборке нет (колено 3).
100000001550388100,terminal,0.55,1,0.3096,Получено 50 000 KZT от 1 плательщиков; исходящих переводов в выборке нет (колено 1).
100000001550419100,terminal,0.55,9,0.2977,Получено 23 000 KZT от 1 плательщиков; исходящих переводов в выборке нет (колено 3).
100000001554432100,terminal,0.55,8,0.4907,Получено 53 920 KZT от 1 плательщиков; исходящих переводов в выборке нет (колено 1).
100000001557930100,terminal,0.55,18,0.3039,Получено 34 610 KZT от 1 плательщиков; исходящих переводов в выборке нет (колено 2).
100000001567366100,terminal,0.55,2,0.4124,Получено 824 070 KZT от 1 плательщиков; исходящих переводов в выборке нет (колено 1).
100000001578517100,terminal,0.55,8,0.4817,Получено 30 000 KZT от 1 плательщиков; исходящих переводов в выборке нет (колено 2).
100000001584286100,terminal,0.55,12,0.5477,Получено 738 699 KZT от 2 плательщиков; исходящих переводов в выборке нет (колено 2).
100000001590795100,peripheral,0.2,12,0.1916,"Колено 4: исходящие переводы за пределом обхода неизвестны. Вход: 1 пл., 5 060 KZT; выход: 0 пол., 0 KZT."
100000001597424100,terminal,0.55,9,0.309,Получено 48 100 KZT от 1 плательщиков; исходящих переводов в выборке нет (колено 3).
100000001597505100,peripheral,0.35,19,0.3031,"Выраженных признаков роли в доступной выборке нет. Вход: 1 пл., 26 460 KZT; выход: 1 пол., 12 920 KZT."
100000001598625100,peripheral,0.2,10,0.2112,"Колено 4: исходящие переводы за пределом обхода неизвестны. Вход: 1 пл., 25 000 KZT; выход: 0 пол., 0 KZT."
100000001600934100,peripheral,0.35,10,0.3271,"Выраженных признаков роли в доступной выборке нет. Вход: 1 пл., 180 300 KZT; выход: 1 пол., 11 000 KZT."
100000001601320100,transit,0.7372,29,0.3663,"Наблюдаемый выход/вход 1.06. 0% исходящего объёма в дни притока или через 1–2 дня. Вход: 2 пл., 43 500 KZT; выход: 1 пол., 46 200 KZT."
100000001609499100,peripheral,0.35,1,0.4262,"Выраженных признаков роли в доступной выборке нет. Вход: 3 пл., 263 113 KZT; выход: 2 пол., 21 000 KZT."
100000001611488100,terminal,0.55,6,0.4885,Получено 779 300 KZT от 2 плательщиков; исходящих переводов в выборке нет (колено 3).
100000001616816100,consolidator,1,11,0.2835,"Получает от 5 разных плательщиков; связи от 8 исходных клиентов. Вход: 5 пл., 176 195 KZT; выход: 3 пол., 181 326 KZT."
100000001632325100,terminal,0.55,7,0.3178,Получено 85 600 KZT от 1 плательщиков; исходящих переводов в выборке нет (колено 3).
100000001633685100,terminal,0.55,1,0.457,Получено 45 000 KZT от 3 плательщиков; исходящих переводов в выборке нет (колено 2).
100000001637376100,peripheral,0.35,6,0.4568,"Выраженных признаков роли в доступной выборке нет. Вход: 1 пл., 116 700 KZT; выход: 1 пол., 234 250 KZT."
100000001639766100,terminal,0.55,18,0.2955,Получено 20 000 KZT от 1 плательщиков; исходящих переводов в выборке нет (колено 3).
100000001641789100,terminal,0.55,11,0.4738,Получено 17 826 KZT от 1 плательщиков; исходящих переводов в выборке нет (колено 1).
100000001641951100,terminal,0.55,14,0.4789,Получено 25 000 KZT от 1 плательщиков; исходящих переводов в выборке нет (колено 2).
100000001648936100,terminal,0.55,18,0.319,Получено 92 740 KZT от 1 плательщиков; исходящих переводов в выборке нет (колено 2).
100000001650895100,peripheral,0.35,11,0.3251,"Выраженных признаков роли в доступной выборке нет. Вход: 1 пл., 153 500 KZT; выход: 1 пол., 10 000 KZT."
100000001660397100,transit,0.8736,1,0.4094,"Наблюдаемый выход/вход 1.01. 76% исходящего объёма в дни притока или через 1–2 дня. Вход: 2 пл., 48 600 KZT; выход: 3 пол., 49 000 KZT."
100000001669260100,peripheral,0.2,14,0.2478,"Колено 4: исходящие переводы за пределом обхода неизвестны. Вход: 1 пл., 500 000 KZT; выход: 0 пол., 0 KZT."
100000001674850100,terminal,0.55,3,0.4103,Получено 237 000 KZT от 2 плательщиков; исходящих переводов в выборке нет (колено 3).
100000001677389100,peripheral,0.35,20,0.2899,"Выраженных признаков роли в доступной выборке нет. Вход: 1 пл., 11 000 KZT; выход: 1 пол., 5 400 KZT."
100000001677929100,peripheral,0.35,11,0.3679,"Выраженных признаков роли в доступной выборке нет. Вход: 3 пл., 126 777 KZT; выход: 2 пол., 286 098 KZT."
100000001680944100,terminal,0.55,3,0.4611,Получено 393 000 KZT от 1 плательщиков; исходящих переводов в выборке нет (колено 3).
100000001684867100,terminal,0.55,2,0.362,Получено 30 550 KZT от 1 плательщиков; исходящих переводов в выборке нет (колено 1).
100000001686328100,terminal,0.55,3,0.3853,Получено 140 000 KZT от 1 плательщиков; исходящих переводов в выборке нет (колено 3).
100000001688676100,terminal,0.55,16,0.3246,Получено 133 700 KZT от 1 плательщиков; исходящих переводов в выборке нет (колено 3).
100000001689968100,terminal,0.55,6,0.4881,Получено 344 334 KZT от 3 плательщиков; исходящих переводов в выборке нет (колено 3).
100000001690439100,terminal,0.55,1,0.2903,Получено 14 200 KZT от 1 плательщиков; исходящих переводов в выборке нет (колено 3).
100000001690558100,terminal,0.55,16,0.3508,Получено 740 000 KZT от 1 плательщиков; исходящих переводов в выборке нет (колено 3).
100000001696818100,terminal,0.55,19,0.3106,Получено 53 550 KZT от 1 плательщиков; исходящих переводов в выборке нет (колено 1).
100000001697501100,distributor,1,5,0.5396,"Распределяет средства 38 получателям. Вход: 3 пл., 123 700 KZT; выход: 38 пол., 1 482 606 KZT."
100000001703168100,peripheral,0.35,17,0.3822,"Выраженных признаков роли в доступной выборке нет. Вход: 1 пл., 45 000 KZT; выход: 1 пол., 90 000 KZT."
100000001714173100,terminal,0.55,3,0.4685,Получено 638 905 KZT от 1 плательщиков; исходящих переводов в выборке нет (колено 3).
100000001714413100,terminal,0.55,6,0.4542,Получено 250 172 KZT от 1 плательщиков; исходящих переводов в выборке нет (колено 3).
100000001714883100,peripheral,0.2,12,0.1954,"Колено 4: исходящие переводы за пределом обхода неизвестны. Вход: 1 пл., 6 900 KZT; выход: 0 пол., 0 KZT."
100000001716579100,terminal,0.55,5,0.29,Получено 13 916 KZT от 1 плательщиков; исходящих переводов в выборке нет (колено 1).
100000001724740100,peripheral,0.2,3,0.2357,"Колено 4: исходящие переводы за пределом обхода неизвестны. Вход: 1 пл., 185 000 KZT; выход: 0 пол., 0 KZT."
100000001726614100,terminal,0.55,4,0.3252,Получено 138 717 KZT от 1 плательщиков; исходящих переводов в выборке нет (колено 3).
100000001732159100,peripheral,0.35,1,0.2651,"Выраженных признаков роли в доступной выборке нет. Вход: 2 пл., 2 378 100 KZT; выход: 4 пол., 1 505 966 KZT."
100000001733216100,peripheral,0.2,4,0.2699,"Колено 4: исходящие переводы за пределом обхода неизвестны. Вход: 1 пл., 60 000 KZT; выход: 0 пол., 0 KZT."
100000001733687100,terminal,0.55,3,0.397,Получено 300 000 KZT от 1 плательщиков; исходящих переводов в выборке нет (колено 3).
100000001737722100,terminal,0.55,19,0.3725,Получено 60 460 KZT от 1 плательщиков; исходящих переводов в выборке нет (колено 2).
100000001740277100,peripheral,0.35,11,0.2867,"Выраженных признаков роли в доступной выборке нет. Вход: 1 пл., 8 700 KZT; выход: 1 пол., 5 000 KZT."
100000001745217100,terminal,0.55,4,0.3096,Получено 50 000 KZT от 1 плательщиков; исходящих переводов в выборке нет (колено 3).
100000001746925100,peripheral,0.35,8,0.4944,"Выраженных признаков роли в доступной выборке нет. Вход: 1 пл., 65 250 KZT; выход: 1 пол., 5 000 KZT."
100000001782980100,peripheral,0.35,28,0.3457,"Выраженных признаков роли в доступной выборке нет. Вход: 1 пл., 50 000 KZT; выход: 1 пол., 596 200 KZT."
100000001784279100,terminal,0.55,4,0.3044,Получено 35 674 KZT от 1 плательщиков; исходящих переводов в выборке нет (колено 3).
100000001785161100,terminal,0.55,12,0.3187,Получено 30 000 KZT от 2 плательщиков; исходящих переводов в выборке нет (колено 3).
100000001788284100,peripheral,0.35,26,0.371,"Выраженных признаков роли в доступной выборке нет. Вход: 1 пл., 8 000 KZT; выход: 5 пол., 296 700 KZT."
100000001805543100,terminal,0.55,2,0.3721,Получено 59 000 KZT от 1 плательщиков; исходящих переводов в выборке нет (колено 1).
100000001808684100,peripheral,0.35,18,0.3148,"Выраженных признаков роли в доступной выборке нет. Вход: 1 пл., 48 400 KZT; выход: 1 пол., 37 700 KZT."
100000001816678100,peripheral,0.2,1,0.3179,"Колено 4: исходящие переводы за пределом обхода неизвестны. Вход: 1 пл., 60 000 KZT; выход: 0 пол., 0 KZT."
100000001818442100,terminal,0.55,9,0.307,Получено 42 215 KZT от 1 плательщиков; исходящих переводов в выборке нет (колено 3).
100000001819396100,terminal,0.55,27,0.3279,Получено 166 080 KZT от 1 плательщиков; исходящих переводов в выборке нет (колено 3).
100000001822623100,terminal,0.55,22,0.3309,Получено 201 300 KZT от 1 плательщиков; исходящих переводов в выборке нет (колено 2).
100000001822650100,peripheral,0.2,3,0.2775,"Колено 4: исходящие переводы за пределом обхода неизвестны. Вход: 1 пл., 112 000 KZT; выход: 0 пол., 0 KZT."
100000001825934100,peripheral,0.35,19,0.322,"Выраженных признаков роли в доступной выборке нет. Вход: 1 пл., 40 000 KZT; выход: 1 пол., 97 000 KZT."
100000001831496100,peripheral,0.35,15,0.3383,"Выраженных признаков роли в доступной выборке нет. Вход: 1 пл., 25 000 KZT; выход: 1 пол., 373 000 KZT."
100000001835625100,terminal,0.55,6,0.4358,Получено 75 130 KZT от 1 плательщиков; исходящих переводов в выборке нет (колено 3).
100000001837130100,terminal,0.55,4,0.3285,Получено 172 900 KZT от 1 плательщиков; исходящих переводов в выборке нет (колено 3).
100000001845505100,peripheral,0.2,10,0.2564,"Колено 4: исходящие переводы за пределом обхода неизвестны. Вход: 1 пл., 20 000 KZT; выход: 0 пол., 0 KZT."
100000001848426100,terminal,0.55,18,0.3195,Получено 95 530 KZT от 1 плательщиков; исходящих переводов в выборке нет (колено 2).
100000001851289100,terminal,0.55,2,0.3816,Получено 109 510 KZT от 1 плательщиков; исходящих переводов в выборке нет (колено 1).
100000001852140100,terminal,0.55,43,0.3017,Получено 30 000 KZT от 1 плательщиков; исходящих переводов в выборке нет (колено 3).
100000001853812100,terminal,0.55,10,0.3147,Получено 70 000 KZT от 1 плательщиков; исходящих переводов в выборке нет (колено 3).
100000001857829100,coordinator,1,14,0.6846,"Связи от 3 исходных клиентов; высокая посредническая роль. Вход: 6 пл., 888 535 KZT; выход: 16 пол., 2 390 993 KZT."
100000001860090100,terminal,0.55,18,0.2743,Получено 5 000 KZT от 1 плательщиков; исходящих переводов в выборке нет (колено 3).
100000001870116100,terminal,0.55,5,0.2983,Получено 24 000 KZT от 1 плательщиков; исходящих переводов в выборке нет (колено 1).
100000001872484100,peripheral,0.35,42,0.3787,"Выраженных признаков роли в доступной выборке нет. Вход: 1 пл., 871 400 KZT; выход: 3 пол., 514 580 KZT."
100000001875167100,terminal,0.55,6,0.4754,Получено 1 000 000 KZT от 1 плательщиков; исходящих переводов в выборке нет (колено 3).
100000001875239100,terminal,0.55,3,0.5592,Получено 712 000 KZT от 3 плательщиков; исходящих переводов в выборке нет (колено 3).
100000001884825100,terminal,0.55,3,0.4936,Получено 495 000 KZT от 3 плательщиков; исходящих переводов в выборке нет (колено 3).
100000001887715100,peripheral,0.35,3,0.4455,"Выраженных признаков роли в доступной выборке нет. Вход: 3 пл., 1 331 500 KZT; выход: 1 пол., 750 000 KZT."
100000001893287100,peripheral,0.35,18,0.3253,"Выраженных признаков роли в доступной выборке нет. Вход: 1 пл., 18 000 KZT; выход: 1 пол., 152 700 KZT."
100000001899164100,peripheral,0.35,13,0.5609,"Выраженных признаков роли в доступной выборке нет. Вход: 4 пл., 291 675 KZT; выход: 3 пол., 76 500 KZT."
100000001904863100,terminal,0.55,11,0.4648,Получено 500 000 KZT от 1 плательщиков; исходящих переводов в выборке нет (колено 2).
100000001924185100,terminal,0.55,15,0.5234,Получено 151 000 KZT от 2 плательщиков; исходящих переводов в выборке нет (колено 1).
100000001927599100,terminal,0.55,11,0.4068,Получено 188 000 KZT от 2 плательщиков; исходящих переводов в выборке нет (колено 3).
100000001929088100,terminal,0.55,11,0.4182,Получено 396 010 KZT от 2 плательщиков; исходящих переводов в выборке нет (колено 1).
100000001934935100,terminal,0.55,4,0.3828,Получено 118 935 KZT от 1 плательщиков; исходящих переводов в выборке нет (колено 3).
100000001937767100,peripheral,0.35,11,0.5731,"Выраженных признаков роли в доступной выборке нет. Вход: 1 пл., 53 000 KZT; выход: 4 пол., 1 933 000 KZT."
100000001952325100,terminal,0.55,5,0.3163,Получено 77 888 KZT от 1 плательщиков; исходящих переводов в выборке нет (колено 1).
100000001953577100,terminal,0.55,5,0.2917,Получено 15 600 KZT от 1 плательщиков; исходящих переводов в выборке нет (колено 1).
100000001954534100,peripheral,0.35,4,0.3079,"Выраженных признаков роли в доступной выборке нет. Вход: 1 пл., 13 000 KZT; выход: 1 пол., 40 000 KZT."
100000001954903100,terminal,0.55,9,0.3002,Получено 27 118 KZT от 1 плательщиков; исходящих переводов в выборке нет (колено 2).
100000001957974100,peripheral,0.2,9,0.2478,"Колено 4: исходящие переводы за пределом обхода неизвестны. Вход: 1 пл., 500 000 KZT; выход: 0 пол., 0 KZT."
100000001960517100,terminal,0.55,11,0.3908,Получено 200 000 KZT от 1 плательщиков; исходящих переводов в выборке нет (колено 1).
100000001961048100,terminal,0.55,12,0.4464,Получено 150 000 KZT от 1 плательщиков; исходящих переводов в выборке нет (колено 2).
100000001965374100,peripheral,0.35,23,0.4055,"Выраженных признаков роли в доступной выборке нет. Вход: 2 пл., 1 759 720 KZT; выход: 3 пол., 3 082 100 KZT."
100000001969496100,terminal,0.55,9,0.2975,Получено 22 740 KZT от 1 плательщиков; исходящих переводов в выборке нет (колено 3).
100000001985793100,terminal,0.55,11,0.3421,Получено 420 000 KZT от 1 плательщиков; исходящих переводов в выборке нет (колено 2).
100000001987030100,peripheral,0.35,2,0.4398,"Выраженных признаков роли в доступной выборке нет. Вход: 2 пл., 30 864 KZT; выход: 1 пол., 19 000 KZT."
100000001991973100,peripheral,0.2,12,0.2089,"Колено 4: исходящие переводы за пределом обхода неизвестны. Вход: 1 пл., 20 800 KZT; выход: 0 пол., 0 KZT."
100000002015633100,terminal,0.55,6,0.4394,Получено 94 970 KZT от 1 плательщиков; исходящих переводов в выборке нет (колено 3).
100000002028158100,terminal,0.55,2,0.424,Получено 34 800 KZT от 1 плательщиков; исходящих переводов в выборке нет (колено 2).
100000002032323100,peripheral,0.35,31,0.3574,"Выраженных признаков роли в доступной выборке нет. Вход: 1 пл., 300 000 KZT; выход: 1 пол., 1 050 000 KZT."
100000002087788100,terminal,0.55,6,0.4402,Получено 100 500 KZT от 1 плательщиков; исходящих переводов в выборке нет (колено 2).
100000002095257100,terminal,0.55,13,0.3424,Получено 8 500 KZT от 1 плательщиков; исходящих переводов в выборке нет (колено 3).
100000002103448100,terminal,0.55,7,0.3001,Получено 27 000 KZT от 1 плательщиков; исходящих переводов в выборке нет (колено 3).
100000002109656100,terminal,0.55,12,0.4048,Получено 500 000 KZT от 1 плательщиков; исходящих переводов в выборке нет (колено 3).
100000002116705100,terminal,0.55,7,0.2936,Получено 17 600 KZT от 1 плательщиков; исходящих переводов в выборке нет (колено 3).
100000002119762100,peripheral,0.2,6,0.3209,"Колено 4: исходящие переводы за пределом обхода неизвестны. Вход: 1 пл., 77 000 KZT; выход: 0 пол., 0 KZT."
100000002121357100,peripheral,0.35,3,0.4696,"Выраженных признаков роли в доступной выборке нет. Вход: 2 пл., 255 300 KZT; выход: 1 пол., 113 000 KZT."
100000002126791100,peripheral,0.2,3,0.3076,"Колено 4: исходящие переводы за пределом обхода неизвестны. Вход: 1 пл., 1 313 000 KZT; выход: 0 пол., 0 KZT."
100000002130400100,peripheral,0.2,19,0.1999,"Колено 4: исходящие переводы за пределом обхода неизвестны. Вход: 1 пл., 10 000 KZT; выход: 0 пол., 0 KZT."
100000002132479100,peripheral,0.35,9,0.4265,"Выраженных признаков роли в доступной выборке нет. Вход: 1 пл., 30 000 KZT; выход: 1 пол., 20 000 KZT."
100000002152857100,peripheral,0.35,11,0.3992,"Выраженных признаков роли в доступной выборке нет. Вход: 1 пл., 105 000 KZT; выход: 5 пол., 1 230 000 KZT."
100000002156381100,peripheral,0.35,15,0.5072,"Выраженных признаков роли в доступной выборке нет. Вход: 2 пл., 61 000 KZT; выход: 1 пол., 21 800 KZT."
100000002158488100,terminal,0.55,5,0.3026,Получено 31 723 KZT от 1 плательщиков; исходящих переводов в выборке нет (колено 1).
100000002170580100,terminal,0.55,9,0.3264,Получено 150 000 KZT от 1 плательщиков; исходящих переводов в выборке нет (колено 2).
100000002173070100,terminal,0.55,8,0.4817,Получено 30 000 KZT от 1 плательщиков; исходящих переводов в выборке нет (колено 2).
100000002173161100,terminal,0.55,2,0.5098,Получено 1 427 500 KZT от 3 плательщиков; исходящих переводов в выборке нет (колено 1).
100000002175422100,peripheral,0.35,30,0.4743,"Выраженных признаков роли в доступной выборке нет. Вход: 3 пл., 68 500 KZT; выход: 6 пол., 1 621 188 KZT."
100000002182176100,terminal,0.55,1,0.3071,Получено 42 465 KZT от 1 плательщиков; исходящих переводов в выборке нет (колено 1).
100000002184107100,terminal,0.55,33,0.2773,Получено 6 066 KZT от 1 плательщиков; исходящих переводов в выборке нет (колено 3).
100000002185328100,peripheral,0.35,25,0.3421,"Выраженных признаков роли в доступной выборке нет. Вход: 1 пл., 15 000 KZT; выход: 4 пол., 55 000 KZT."
100000002188586100,peripheral,0.2,9,0.2644,"Колено 4: исходящие переводы за пределом обхода неизвестны. Вход: 1 пл., 38 310 KZT; выход: 0 пол., 0 KZT."
100000002188829100,terminal,0.55,8,0.5214,Получено 400 000 KZT от 1 плательщиков; исходящих переводов в выборке нет (колено 1).
100000002193259100,peripheral,0.35,13,0.5285,"Выраженных признаков роли в доступной выборке нет. Вход: 2 пл., 48 000 KZT; выход: 3 пол., 58 000 KZT."
100000002194320100,peripheral,0.2,2,0.2405,"Колено 4: исходящие переводы за пределом обхода неизвестны. Вход: 1 пл., 275 000 KZT; выход: 0 пол., 0 KZT."
100000002194329100,terminal,0.55,4,0.3591,Получено 25 170 KZT от 1 плательщиков; исходящих переводов в выборке нет (колено 3).
100000002199091100,terminal,0.55,5,0.3136,Получено 65 000 KZT от 1 плательщиков; исходящих переводов в выборке нет (колено 2).
100000002205022100,peripheral,0.35,8,0.5451,"Выраженных признаков роли в доступной выборке нет. Вход: 1 пл., 7 100 KZT; выход: 3 пол., 518 000 KZT."
100000002208836100,peripheral,0.2,6,0.3228,"Колено 4: исходящие переводы за пределом обхода неизвестны. Вход: 1 пл., 90 000 KZT; выход: 0 пол., 0 KZT."
100000002211413100,terminal,0.55,5,0.3049,Получено 37 000 KZT от 1 плательщиков; исходящих переводов в выборке нет (колено 1).
100000002212494100,terminal,0.55,30,0.3274,Получено 160 000 KZT от 1 плательщиков; исходящих переводов в выборке нет (колено 3).
100000002214207100,peripheral,0.2,19,0.2278,"Колено 4: исходящие переводы за пределом обхода неизвестны. Вход: 1 пл., 97 000 KZT; выход: 0 пол., 0 KZT."
100000002214301100,peripheral,0.35,1,0.3006,"Выраженных признаков роли в доступной выборке нет. Вход: 1 пл., 21 438 KZT; выход: 1 пол., 8 000 KZT."
100000002214383100,peripheral,0.2,7,0.2374,"Колено 4: исходящие переводы за пределом обхода неизвестны. Вход: 1 пл., 213 000 KZT; выход: 0 пол., 0 KZT."
100000002214570100,terminal,0.55,5,0.2998,Получено 26 471 KZT от 1 плательщиков; исходящих переводов в выборке нет (колено 1).
100000002214664100,peripheral,0.35,7,0.3147,"Выраженных признаков роли в доступной выборке нет. Вход: 1 пл., 7 950 KZT; выход: 1 пол., 76 950 KZT."
100000002216999100,terminal,0.55,7,0.2981,Получено 23 677 KZT от 1 плательщиков; исходящих переводов в выборке нет (колено 3).
100000002217161100,peripheral,0.35,33,0.4714,"Выраженных признаков роли в доступной выборке нет. Вход: 2 пл., 404 750 KZT; выход: 7 пол., 995 132 KZT."
100000002217806100,peripheral,0.2,2,0.2208,"Колено 4: исходящие переводы за пределом обхода неизвестны. Вход: 1 пл., 55 000 KZT; выход: 0 пол., 0 KZT."
100000002224132100,peripheral,0.35,23,0.5054,"Выраженных признаков роли в доступной выборке нет. Вход: 5 пл., 3 951 020 KZT; выход: 4 пол., 12 115 000 KZT."
100000002227960100,peripheral,0.2,25,0.1999,"Колено 4: исходящие переводы за пределом обхода неизвестны. Вход: 1 пл., 10 000 KZT; выход: 0 пол., 0 KZT."
100000002227989100,peripheral,0.2,25,0.2084,"Колено 4: исходящие переводы за пределом обхода неизвестны. Вход: 1 пл., 20 000 KZT; выход: 0 пол., 0 KZT."
100000002229615100,peripheral,0.2,8,0.2592,"Колено 4: исходящие переводы за пределом обхода неизвестны. Вход: 1 пл., 25 000 KZT; выход: 0 пол., 0 KZT."
100000002231144100,peripheral,0.2,25,0.2049,"Колено 4: исходящие переводы за пределом обхода неизвестны. Вход: 1 пл., 15 000 KZT; выход: 0 пол., 0 KZT."
100000002232266100,terminal,0.55,10,0.3079,Получено 45 000 KZT от 1 плательщиков; исходящих переводов в выборке нет (колено 3).
100000002236528100,terminal,0.55,10,0.3138,Получено 66 000 KZT от 1 плательщиков; исходящих переводов в выборке нет (колено 3).
100000002241986100,peripheral,0.35,6,0.5345,"Выраженных признаков роли в доступной выборке нет. Вход: 1 пл., 280 000 KZT; выход: 6 пол., 3 077 000 KZT."
100000002242066100,peripheral,0.2,33,0.2219,"Колено 4: исходящие переводы за пределом обхода неизвестны. Вход: 1 пл., 60 000 KZT; выход: 0 пол., 0 KZT."
100000002242455100,peripheral,0.2,6,0.3253,"Колено 4: исходящие переводы за пределом обхода неизвестны. Вход: 1 пл., 110 000 KZT; выход: 0 пол., 0 KZT."
100000002243354100,terminal,0.55,5,0.2962,Получено 20 879 KZT от 1 плательщиков; исходящих переводов в выборке нет (колено 1).
100000002255058100,terminal,0.55,8,0.3445,Получено 491 500 KZT от 1 плательщиков; исходящих переводов в выборке нет (колено 3).
100000002257794100,terminal,0.55,24,0.3268,Получено 154 000 KZT от 1 плательщиков; исходящих переводов в выборке нет (колено 3).
100000002258492100,peripheral,0.2,16,0.1987,"Колено 4: исходящие переводы за пределом обхода неизвестны. Вход: 1 пл., 9 000 KZT; выход: 0 пол., 0 KZT."
100000002267998100,peripheral,0.35,22,0.4492,"Выраженных признаков роли в доступной выборке нет. Вход: 2 пл., 420 000 KZT; выход: 3 пол., 1 115 000 KZT."
100000002284426100,terminal,0.55,6,0.4385,Получено 90 000 KZT от 1 плательщиков; исходящих переводов в выборке нет (колено 3).
100000002289937100,terminal,0.55,5,0.2955,Получено 20 000 KZT от 1 плательщиков; исходящих переводов в выборке нет (колено 1).
100000002293421100,transit,0.7039,25,0.3724,"Наблюдаемый выход/вход 1.15. 32% исходящего объёма в дни притока или через 1–2 дня. Вход: 2 пл., 41 000 KZT; выход: 2 пол., 47 000 KZT."
100000002299948100,terminal,0.55,19,0.2789,Получено 6 750 KZT от 1 плательщиков; исходящих переводов в выборке нет (колено 2).
100000002301828100,terminal,0.55,20,0.3086,Получено 46 977 KZT от 1 плательщиков; исходящих переводов в выборке нет (колено 3).
100000002304943100,peripheral,0.2,25,0.2049,"Колено 4: исходящие переводы за пределом обхода неизвестны. Вход: 1 пл., 15 000 KZT; выход: 0 пол., 0 KZT."
100000002305007100,terminal,0.55,7,0.3113,Получено 56 000 KZT от 1 плательщиков; исходящих переводов в выборке нет (колено 3).
100000002305477100,peripheral,0.2,25,0.2084,"Колено 4: исходящие переводы за пределом обхода неизвестны. Вход: 1 пл., 20 000 KZT; выход: 0 пол., 0 KZT."
100000002306369100,peripheral,0.35,1,0.3782,"Выраженных признаков роли в доступной выборке нет. Вход: 1 пл., 73 166 KZT; выход: 6 пол., 260 900 KZT."
100000002308091100,terminal,0.55,13,0.3297,Получено 186 720 KZT от 1 плательщиков; исходящих переводов в выборке нет (колено 3).
100000002320495100,peripheral,0.2,6,0.2036,"Колено 4: исходящие переводы за пределом обхода неизвестны. Вход: 1 пл., 13 526 KZT; выход: 0 пол., 0 KZT."
100000002324543100,terminal,0.55,11,0.3018,Получено 30 202 KZT от 1 плательщиков; исходящих переводов в выборке нет (колено 1).
100000002335358100,terminal,0.55,2,0.3253,Получено 140 000 KZT от 1 плательщиков; исходящих переводов в выборке нет (колено 2).
100000002340562100,terminal,0.55,11,0.3048,Получено 36 650 KZT от 1 плательщиков; исходящих переводов в выборке нет (колено 2).
100000002343825100,peripheral,0.35,3,0.4898,"Выраженных признаков роли в доступной выборке нет. Вход: 3 пл., 350 000 KZT; выход: 2 пол., 89 800 KZT."
100000002346166100,terminal,0.55,7,0.2771,Получено 6 000 KZT от 1 плательщиков; исходящих переводов в выборке нет (колено 3).
100000002356167100,peripheral,0.35,6,0.4683,"Выраженных признаков роли в доступной выборке нет. Вход: 1 пл., 300 000 KZT; выход: 2 пол., 29 500 KZT."
100000002369443100,terminal,0.55,7,0.3096,Получено 50 000 KZT от 1 плательщиков; исходящих переводов в выборке нет (колено 3).
100000002369454100,peripheral,0.2,10,0.2112,"Колено 4: исходящие переводы за пределом обхода неизвестны. Вход: 1 пл., 25 000 KZT; выход: 0 пол., 0 KZT."
100000002369510100,terminal,0.55,7,0.305,Получено 37 150 KZT от 1 плательщиков; исходящих переводов в выборке нет (колено 3).
100000002369874100,terminal,0.55,3,0.5659,Получено 600 000 KZT от 4 плательщиков; исходящих переводов в выборке нет (колено 3).
100000002371751100,peripheral,0.35,44,0.3401,"Выраженных признаков роли в доступной выборке нет. Вход: 1 пл., 200 000 KZT; выход: 1 пол., 250 000 KZT."
100000002371892100,peripheral,0.2,2,0.218,"Колено 4: исходящие переводы за пределом обхода неизвестны. Вход: 1 пл., 43 830 KZT; выход: 0 пол., 0 KZT."
100000002373144100,peripheral,0.35,4,0.309,"Выраженных признаков роли в доступной выборке нет. Вход: 1 пл., 46 468 KZT; выход: 1 пол., 10 764 KZT."
100000002373386100,terminal,0.55,7,0.2983,Получено 24 000 KZT от 1 плательщиков; исходящих переводов в выборке нет (колено 3).
100000002380341100,terminal,0.55,1,0.3117,Получено 57 566 KZT от 1 плательщиков; исходящих переводов в выборке нет (колено 3).
100000002391278100,peripheral,0.35,11,0.3142,"Выраженных признаков роли в доступной выборке нет. Вход: 1 пл., 30 000 KZT; выход: 1 пол., 52 700 KZT."
100000002394199100,peripheral,0.35,11,0.3365,"Выраженных признаков роли в доступной выборке нет. Вход: 1 пл., 277 398 KZT; выход: 1 пол., 76 777 KZT."
100000002398779100,consolidator,1,1,0.6673,"Получает от 13 разных плательщиков; связи от 5 исходных клиентов. Вход: 13 пл., 1 095 690 KZT; выход: 1 пол., 66 000 KZT."
100000002404112100,peripheral,0.2,27,0.2219,"Колено 4: исходящие переводы за пределом обхода неизвестны. Вход: 1 пл., 60 000 KZT; выход: 0 пол., 0 KZT."
100000002432143100,terminal,0.55,1,0.437,Получено 81 310 KZT от 1 плательщиков; исходящих переводов в выборке нет (колено 2).
100000002433697100,transit,0.7792,6,0.4939,"Наблюдаемый выход/вход 0.85. 100% исходящего объёма в дни притока или через 1–2 дня. Вход: 1 пл., 130 000 KZT; выход: 1 пол., 110 000 KZT."
100000002435265100,terminal,0.55,4,0.3845,Получено 132 628 KZT от 1 плательщиков; исходящих переводов в выборке нет (колено 3).
100000002443664100,terminal,0.55,3,0.5554,Получено 556 880 KZT от 3 плательщиков; исходящих переводов в выборке нет (колено 2).
100000002445750100,peripheral,0.35,4,0.3741,"Выраженных признаков роли в доступной выборке нет. Вход: 1 пл., 70 000 KZT; выход: 1 пол., 10 000 KZT."
100000002448088100,peripheral,0.35,8,0.3868,"Выраженных признаков роли в доступной выборке нет. Вход: 3 пл., 20 000 KZT; выход: 1 пол., 25 000 KZT."
100000002454724100,terminal,0.55,12,0.4436,Получено 125 000 KZT от 1 плательщиков; исходящих переводов в выборке нет (колено 2).
100000002457464100,terminal,0.55,19,0.374,Получено 66 647 KZT от 1 плательщиков; исходящих переводов в выборке нет (колено 2).
100000002459093100,peripheral,0.35,11,0.3434,"Выраженных признаков роли в доступной выборке нет. Вход: 1 пл., 500 000 KZT; выход: 1 пол., 55 000 KZT."
100000002459163100,terminal,0.55,42,0.2957,Получено 20 180 KZT от 1 плательщиков; исходящих переводов в выборке нет (колено 2).
100000002459164100,terminal,0.55,1,0.2955,Получено 20 000 KZT от 1 плательщиков; исходящих переводов в выборке нет (колено 3).
100000002459240100,terminal,0.55,6,0.4464,Получено 150 000 KZT от 1 плательщиков; исходящих переводов в выборке нет (колено 3).
100000002459832100,terminal,0.55,14,0.4304,Получено 880 606 KZT от 2 плательщиков; исходящих переводов в выборке нет (колено 3).
100000002462183100,terminal,0.55,37,0.3213,Получено 107 500 KZT от 1 плательщиков; исходящих переводов в выборке нет (колено 1).
100000002469065100,terminal,0.55,8,0.5108,Получено 200 000 KZT от 1 плательщиков; исходящих переводов в выборке нет (колено 2).
100000002472632100,peripheral,0.35,26,0.3549,"Выраженных признаков роли в доступной выборке нет. Вход: 2 пл., 502 400 KZT; выход: 1 пол., 20 000 KZT."
100000002474570100,peripheral,0.2,12,0.1951,"Колено 4: исходящие переводы за пределом обхода неизвестны. Вход: 1 пл., 6 750 KZT; выход: 0 пол., 0 KZT."
100000002475601100,terminal,0.55,14,0.3331,Получено 232 301 KZT от 1 плательщиков; исходящих переводов в выборке нет (колено 3).
100000002478829100,peripheral,0.2,8,0.2629,"Колено 4: исходящие переводы за пределом обхода неизвестны. Вход: 1 пл., 34 000 KZT; выход: 0 пол., 0 KZT."
100000002479804100,peripheral,0.35,19,0.326,"Выраженных признаков роли в доступной выборке нет. Вход: 1 пл., 46 000 KZT; выход: 2 пол., 35 300 KZT."
100000002480800100,terminal,0.55,8,0.5437,Получено 569 251 KZT от 2 плательщиков; исходящих переводов в выборке нет (колено 1).
100000002481735100,terminal,0.55,2,0.2973,Получено 22 436 KZT от 1 плательщиков; исходящих переводов в выборке нет (колено 2).
100000002481974100,peripheral,0.35,14,0.4209,"Выраженных признаков роли в доступной выборке нет. Вход: 2 пл., 89 447 KZT; выход: 2 пол., 318 000 KZT."
100000002487222100,peripheral,0.2,6,0.3228,"Колено 4: исходящие переводы за пределом обхода неизвестны. Вход: 1 пл., 90 000 KZT; выход: 0 пол., 0 KZT."
100000002488629100,terminal,0.55,18,0.3154,Получено 73 050 KZT от 1 плательщиков; исходящих переводов в выборке нет (колено 2).
100000002489253100,terminal,0.55,2,0.3099,Получено 51 000 KZT от 1 плательщиков; исходящих переводов в выборке нет (колено 2).
100000002492277100,terminal,0.55,17,0.3851,Получено 138 500 KZT от 1 плательщиков; исходящих переводов в выборке нет (колено 2).
100000002505277100,peripheral,0.2,4,0.2699,"Колено 4: исходящие переводы за пределом обхода неизвестны. Вход: 1 пл., 60 000 KZT; выход: 0 пол., 0 KZT."
100000002506987100,peripheral,0.2,9,0.2606,"Колено 4: исходящие переводы за пределом обхода неизвестны. Вход: 1 пл., 28 200 KZT; выход: 0 пол., 0 KZT."
100000002508637100,peripheral,0.35,14,0.3347,"Выраженных признаков роли в доступной выборке нет. Вход: 1 пл., 306 410 KZT; выход: 1 пол., 8 000 KZT."
100000002509598100,terminal,0.55,12,0.3972,Получено 305 550 KZT от 1 плательщиков; исходящих переводов в выборке нет (колено 3).
100000002511581100,terminal,0.55,7,0.2936,Получено 17 600 KZT от 1 плательщиков; исходящих переводов в выборке нет (колено 3).
100000002511825100,terminal,0.55,1,0.3136,Получено 65 000 KZT от 1 плательщиков; исходящих переводов в выборке нет (колено 1).
100000002512742100,peripheral,0.2,12,0.1937,"Колено 4: исходящие переводы за пределом обхода неизвестны. Вход: 1 пл., 6 000 KZT; выход: 0 пол., 0 KZT."
100000002513028100,peripheral,0.35,1,0.3587,"Выраженных признаков роли в доступной выборке нет. Вход: 1 пл., 9 500 KZT; выход: 3 пол., 332 709 KZT."
100000002514975100,peripheral,0.2,27,0.2071,"Колено 4: исходящие переводы за пределом обхода неизвестны. Вход: 1 пл., 17 920 KZT; выход: 0 пол., 0 KZT."
100000002516862100,peripheral,0.2,1,0.2257,"Колено 4: исходящие переводы за пределом обхода неизвестны. Вход: 1 пл., 81 710 KZT; выход: 0 пол., 0 KZT."
100000002521039100,terminal,0.55,4,0.3993,Получено 349 370 KZT от 1 плательщиков; исходящих переводов в выборке нет (колено 3).
100000002527114100,distributor,1,5,0.2669,"Распределяет средства 111 получателям. Вход: 3 пл., 129 000 KZT; выход: 111 пол., 3 289 249 KZT."
100000002528544100,terminal,0.55,14,0.3302,Получено 192 912 KZT от 1 плательщиков; исходящих переводов в выборке нет (колено 3).
100000002528978100,peripheral,0.2,9,0.2536,"Колено 4: исходящие переводы за пределом обхода неизвестны. Вход: 1 пл., 15 900 KZT; выход: 0 пол., 0 KZT."
100000002529877100,peripheral,0.2,3,0.2384,"Колено 4: исходящие переводы за пределом обхода неизвестны. Вход: 1 пл., 232 000 KZT; выход: 0 пол., 0 KZT."
100000002529880100,terminal,0.55,3,0.403,Получено 147 000 KZT от 2 плательщиков; исходящих переводов в выборке нет (колено 3).
100000002530224100,terminal,0.55,3,0.322,Получено 113 000 KZT от 1 плательщиков; исходящих переводов в выборке нет (колено 3).
100000002531406100,transit,0.7573,14,0.3934,"Наблюдаемый выход/вход 0.96. 0% исходящего объёма в дни притока или через 1–2 дня. Вход: 1 пл., 520 000 KZT; выход: 1 пол., 500 000 KZT."
100000002534091100,terminal,0.55,10,0.3571,Получено 22 200 KZT от 1 плательщиков; исходящих переводов в выборке нет (колено 3).
100000002537811100,peripheral,0.35,15,0.4916,"Выраженных признаков роли в доступной выборке нет. Вход: 1 пл., 52 000 KZT; выход: 1 пол., 15 000 KZT."
100000002539625100,terminal,0.55,3,0.3193,Получено 94 700 KZT от 1 плательщиков; исходящих переводов в выборке нет (колено 2).
100000002540033100,peripheral,0.2,3,0.1999,"Колено 4: исходящие переводы за пределом обхода неизвестны. Вход: 1 пл., 10 000 KZT; выход: 0 пол., 0 KZT."
100000002540623100,terminal,0.55,9,0.3202,Получено 100 000 KZT от 1 плательщиков; исходящих переводов в выборке нет (колено 2).
100000002546921100,terminal,0.55,9,0.2955,Получено 20 000 KZT от 1 плательщиков; исходящих переводов в выборке нет (колено 3).
100000002547110100,consolidator,0.91,3,0.57,"Получает от 6 разных плательщиков; связи от 3 исходных клиентов. Вход: 6 пл., 1 500 000 KZT; выход: 0 пол., 0 KZT."
100000002548759100,terminal,0.55,3,0.4774,Получено 375 000 KZT от 2 плательщиков; исходящих переводов в выборке нет (колено 3).
100000002550141100,terminal,0.55,14,0.3202,Получено 100 586 KZT от 1 плательщиков; исходящих переводов в выборке нет (колено 3).
100000002554175100,terminal,0.55,9,0.2987,Получено 24 621 KZT от 1 плательщиков; исходящих переводов в выборке нет (колено 3).
100000002556775100,terminal,0.55,6,0.457,Получено 300 000 KZT от 1 плательщиков; исходящих переводов в выборке нет (колено 3).
100000002558173100,terminal,0.55,19,0.2838,Получено 9 300 KZT от 1 плательщиков; исходящих переводов в выборке нет (колено 2).
100000002559089100,terminal,0.55,3,0.3672,Получено 715 000 KZT от 2 плательщиков; исходящих переводов в выборке нет (колено 3).
100000002565277100,terminal,0.55,8,0.5243,Получено 483 319 KZT от 1 плательщиков; исходящих переводов в выборке нет (колено 1).
100000002566204100,terminal,0.55,9,0.3169,Получено 80 805 KZT от 1 плательщиков; исходящих переводов в выборке нет (колено 2).
100000002567887100,terminal,0.55,6,0.4298,Получено 50 915 KZT от 1 плательщиков; исходящих переводов в выборке нет (колено 3).
100000002570206100,terminal,0.55,8,0.405,Получено 166 960 KZT от 2 плательщиков; исходящих переводов в выборке нет (колено 2).
100000002575080100,transit,0.8773,34,0.4694,"Наблюдаемый выход/вход 0.96. 100% исходящего объёма в дни притока или через 1–2 дня. Вход: 1 пл., 13 000 KZT; выход: 1 пол., 12 500 KZT."
100000002578405100,distributor,1,7,0.5976,"Распределяет средства 116 получателям. Вход: 2 пл., 1 200 351 KZT; выход: 116 пол., 3 108 352 KZT."
100000002578653100,terminal,0.55,1,0.2955,Получено 20 000 KZT от 1 плательщиков; исходящих переводов в выборке нет (колено 3).
100000002580377100,peripheral,0.35,2,0.3646,"Выраженных признаков роли в доступной выборке нет. Вход: 1 пл., 37 750 KZT; выход: 1 пол., 5 000 KZT."
100000002581346100,terminal,0.55,6,0.448,Получено 166 400 KZT от 1 плательщиков; исходящих переводов в выборке нет (колено 3).
100000002589019100,terminal,0.55,13,0.304,Получено 34 710 KZT от 1 плательщиков; исходящих переводов в выборке нет (колено 1).
100000002591469100,terminal,0.55,11,0.3333,Получено 235 670 KZT от 1 плательщиков; исходящих переводов в выборке нет (колено 1).
100000002592567100,peripheral,0.35,2,0.3958,"Выраженных признаков роли в доступной выборке нет. Вход: 1 пл., 5 297 KZT; выход: 2 пол., 48 600 KZT."
100000002593038100,terminal,0.55,13,0.481,Получено 28 500 KZT от 1 плательщиков; исходящих переводов в выборке нет (колено 2).
100000002593344100,terminal,0.55,3,0.4795,Получено 431 000 KZT от 2 плательщиков; исходящих переводов в выборке нет (колено 3).
100000002594214100,peripheral,0.2,6,0.3523,"Колено 4: исходящие переводы за пределом обхода неизвестны. Вход: 1 пл., 1 000 000 KZT; выход: 0 пол., 0 KZT."
100000002596035100,terminal,0.55,15,0.513,Получено 231 570 KZT от 1 плательщиков; исходящих переводов в выборке нет (колено 1).
100000002596039100,peripheral,0.2,14,0.2407,"Колено 4: исходящие переводы за пределом обхода неизвестны. Вход: 1 пл., 280 000 KZT; выход: 0 пол., 0 KZT."
100000002597003100,peripheral,0.35,1,0.2985,"Выраженных признаков роли в доступной выборке нет. Вход: 1 пл., 17 700 KZT; выход: 1 пол., 11 000 KZT."
100000002597074100,peripheral,0.2,4,0.2452,"Колено 4: исходящие переводы за пределом обхода неизвестны. Вход: 1 пл., 8 000 KZT; выход: 0 пол., 0 KZT."
100000002597623100,terminal,0.55,4,0.3525,Получено 16 418 KZT от 1 плательщиков; исходящих переводов в выборке нет (колено 3).
100000002599729100,peripheral,0.2,4,0.2709,"Колено 4: исходящие переводы за пределом обхода неизвестны. Вход: 1 пл., 65 000 KZT; выход: 0 пол., 0 KZT."
100000002600345100,terminal,0.55,2,0.3872,Получено 52 400 KZT от 2 плательщиков; исходящих переводов в выборке нет (колено 1).
100000002603371100,terminal,0.55,1,0.2838,Получено 9 300 KZT от 1 плательщиков; исходящих переводов в выборке нет (колено 3).
100000002603478100,terminal,0.55,13,0.298,Получено 23 500 KZT от 1 плательщиков; исходящих переводов в выборке нет (колено 1).
100000002603769100,terminal,0.55,1,0.507,Получено 1 185 368 KZT от 3 плательщиков; исходящих переводов в выборке нет (колено 1).
100000002605184100,terminal,0.55,2,0.3253,Получено 140 000 KZT от 1 плательщиков; исходящих переводов в выборке нет (колено 2).
100000002605308100,terminal,0.55,9,0.5788,Получено 2 569 522 KZT от 3 плательщиков; исходящих переводов в выборке нет (колено 2).
100000002605548100,terminal,0.55,15,0.5195,Получено 116 695 KZT от 2 плательщиков; исходящих переводов в выборке нет (колено 1).
100000002606567100,peripheral,0.35,1,0.3115,"Выраженных признаков роли в доступной выборке нет. Вход: 1 пл., 14 095 KZT; выход: 1 пол., 53 000 KZT."
100000002609774100,peripheral,0.35,9,0.3674,"Выраженных признаков роли в доступной выборке нет. Вход: 1 пл., 7 700 KZT; выход: 1 пол., 27 500 KZT."
100000002611334100,peripheral,0.35,1,0.3107,"Выраженных признаков роли в доступной выборке нет. Вход: 1 пл., 48 288 KZT; выход: 1 пол., 15 500 KZT."
100000002612809100,peripheral,0.35,19,0.3441,"Выраженных признаков роли в доступной выборке нет. Вход: 1 пл., 30 000 KZT; выход: 3 пол., 114 000 KZT."
100000002613776100,terminal,0.55,10,0.3617,Получено 30 000 KZT от 1 плательщиков; исходящих переводов в выборке нет (колено 2).
100000002613929100,terminal,0.55,11,0.301,Получено 28 560 KZT от 1 плательщиков; исходящих переводов в выборке нет (колено 3).
100000002614095100,terminal,0.55,7,0.2752,Получено 5 300 KZT от 1 плательщиков; исходящих переводов в выборке нет (колено 3).
100000002615479100,terminal,0.55,11,0.3322,Получено 220 000 KZT от 1 плательщиков; исходящих переводов в выборке нет (колено 1).
100000002618492100,terminal,0.55,15,0.5338,Получено 296 500 KZT от 2 плательщиков; исходящих переводов в выборке нет (колено 1).
100000002621434100,terminal,0.55,3,0.3169,Получено 81 000 KZT от 1 плательщиков; исходящих переводов в выборке нет (колено 3).
100000002621915100,terminal,0.55,2,0.2743,Получено 5 000 KZT от 1 плательщиков; исходящих переводов в выборке нет (колено 2).
100000002621949100,terminal,0.55,8,0.5078,Получено 164 612 KZT от 1 плательщиков; исходящих переводов в выборке нет (колено 1).
100000002622822100,peripheral,0.2,3,0.2528,"Колено 4: исходящие переводы за пределом обхода неизвестны. Вход: 1 пл., 750 000 KZT; выход: 0 пол., 0 KZT."
100000002628146100,terminal,0.55,19,0.302,Получено 30 500 KZT от 1 плательщиков; исходящих переводов в выборке нет (колено 2).
100000002628576100,peripheral,0.35,6,0.4982,"Выраженных признаков роли в доступной выборке нет. Вход: 2 пл., 727 882 KZT; выход: 2 пол., 539 000 KZT."
100000002632742100,terminal,0.55,3,0.4702,Получено 235 500 KZT от 2 плательщиков; исходящих переводов в выборке нет (колено 3).
100000002633108100,terminal,0.55,9,0.338,Получено 320 000 KZT от 1 плательщиков; исходящих переводов в выборке нет (колено 3).
100000002633701100,terminal,0.55,3,0.3352,Получено 266 850 KZT от 1 плательщиков; исходящих переводов в выборке нет (колено 2).
100000002635746100,peripheral,0.2,12,0.1922,"Колено 4: исходящие переводы за пределом обхода неизвестны. Вход: 1 пл., 5 300 KZT; выход: 0 пол., 0 KZT."
100000002635780100,terminal,0.55,11,0.3276,Получено 163 000 KZT от 1 плательщиков; исходящих переводов в выборке нет (колено 2).
100000002644285100,terminal,0.55,12,0.4048,Получено 500 000 KZT от 1 плательщиков; исходящих переводов в выборке нет (колено 3).
100000002645046100,peripheral,0.2,12,0.2022,"Колено 4: исходящие переводы за пределом обхода неизвестны. Вход: 1 пл., 12 000 KZT; выход: 0 пол., 0 KZT."
100000002645609100,terminal,0.55,4,0.4445,Получено 546 821 KZT от 4 плательщиков; исходящих переводов в выборке нет (колено 1).
100000002645993100,peripheral,0.35,1,0.425,"Выраженных признаков роли в доступной выборке нет. Вход: 2 пл., 49 650 KZT; выход: 5 пол., 86 980 KZT."
100000002646745100,terminal,0.55,7,0.2881,Получено 12 300 KZT от 1 плательщиков; исходящих переводов в выборке нет (колено 3).
100000002646887100,terminal,0.55,31,0.2985,Получено 24 354 KZT от 1 плательщиков; исходящих переводов в выборке нет (колено 3).
100000002648315100,peripheral,0.35,11,0.3404,"Выраженных признаков роли в доступной выборке нет. Вход: 1 пл., 132 000 KZT; выход: 2 пол., 76 000 KZT."
100000002653187100,peripheral,0.2,13,0.2049,"Колено 4: исходящие переводы за пределом обхода неизвестны. Вход: 1 пл., 15 000 KZT; выход: 0 пол., 0 KZT."
100000002653948100,terminal,0.55,6,0.4377,Получено 85 200 KZT от 1 плательщиков; исходящих переводов в выборке нет (колено 3).
100000002659103100,peripheral,0.2,1,0.2343,"Колено 4: исходящие переводы за пределом обхода неизвестны. Вход: 1 пл., 165 000 KZT; выход: 0 пол., 0 KZT."
100000002659265100,peripheral,0.2,3,0.2323,"Колено 4: исходящие переводы за пределом обхода неизвестны. Вход: 1 пл., 141 000 KZT; выход: 0 пол., 0 KZT."
100000002660298100,peripheral,0.2,9,0.2618,"Колено 4: исходящие переводы за пределом обхода неизвестны. Вход: 1 пл., 30 900 KZT; выход: 0 пол., 0 KZT."
100000002662768100,terminal,0.55,19,0.3175,Получено 84 300 KZT от 1 плательщиков; исходящих переводов в выборке нет (колено 1).
100000002663511100,terminal,0.55,4,0.3353,Получено 268 940 KZT от 1 плательщиков; исходящих переводов в выборке нет (колено 3).
100000002666248100,terminal,0.55,8,0.4947,Получено 70 032 KZT от 1 плательщиков; исходящих переводов в выборке нет (колено 1).
100000002670463100,peripheral,0.2,12,0.214,"Колено 4: исходящие переводы за пределом обхода неизвестны. Вход: 1 пл., 31 500 KZT; выход: 0 пол., 0 KZT."
100000002670860100,terminal,0.55,12,0.4801,Получено 450 000 KZT от 2 плательщиков; исходящих переводов в выборке нет (колено 1).
100000002670960100,terminal,0.55,12,0.4042,Получено 480 310 KZT от 1 плательщиков; исходящих переводов в выборке нет (колено 3).
100000002671326100,peripheral,0.2,31,0.2569,"Колено 4: исходящие переводы за пределом обхода неизвестны. Вход: 1 пл., 1 050 000 KZT; выход: 0 пол., 0 KZT."
100000002671806100,terminal,0.55,13,0.2883,Получено 12 440 KZT от 1 плательщиков; исходящих переводов в выборке нет (колено 1).
100000002677201100,peripheral,0.35,3,0.3309,"Выраженных признаков роли в доступной выборке нет. Вход: 1 пл., 150 000 KZT; выход: 1 пол., 87 750 KZT."
100000002679516100,terminal,0.55,13,0.5295,Получено 102 335 KZT от 3 плательщиков; исходящих переводов в выборке нет (колено 1).
100000002680477100,terminal,0.55,13,0.2989,Получено 25 000 KZT от 1 плательщиков; исходящих переводов в выборке нет (колено 2).
100000002681449100,peripheral,0.35,1,0.3515,"Выраженных признаков роли в доступной выборке нет. Вход: 2 пл., 94 638 KZT; выход: 2 пол., 133 000 KZT."
100000002681544100,terminal,0.55,10,0.3449,Получено 166 072 KZT от 2 плательщиков; исходящих переводов в выборке нет (колено 3).
100000002686226100,peripheral,0.2,20,0.246,"Колено 4: исходящие переводы за пределом обхода неизвестны. Вход: 1 пл., 430 000 KZT; выход: 0 пол., 0 KZT."
100000002689717100,peripheral,0.2,9,0.267,"Колено 4: исходящие переводы за пределом обхода неизвестны. Вход: 1 пл., 47 500 KZT; выход: 0 пол., 0 KZT."
100000002691583100,terminal,0.55,27,0.3362,Получено 285 200 KZT от 1 плательщиков; исходящих переводов в выборке нет (колено 3).
100000002691858100,terminal,0.55,19,0.31,Получено 51 500 KZT от 1 плательщиков; исходящих переводов в выборке нет (колено 2).
100000002692044100,terminal,0.55,13,0.3197,Получено 97 000 KZT от 1 плательщиков; исходящих переводов в выборке нет (колено 1).
100000002692750100,peripheral,0.35,18,0.4688,"Выраженных признаков роли в доступной выборке нет. Вход: 3 пл., 112 830 KZT; выход: 1 пол., 77 000 KZT."
100000002695812100,peripheral,0.2,9,0.2755,"Колено 4: исходящие переводы за пределом обхода неизвестны. Вход: 1 пл., 95 000 KZT; выход: 0 пол., 0 KZT."
100000002696152100,peripheral,0.35,15,0.3882,"Выраженных признаков роли в доступной выборке нет. Вход: 1 пл., 21 800 KZT; выход: 2 пол., 69 000 KZT."
100000002697752100,terminal,0.55,4,0.407,Получено 190 785 KZT от 2 плательщиков; исходящих переводов в выборке нет (колено 3).
100000002700161100,peripheral,0.2,8,0.2166,"Колено 4: исходящие переводы за пределом обхода неизвестны. Вход: 1 пл., 39 000 KZT; выход: 0 пол., 0 KZT."
100000002702968100,peripheral,0.2,9,0.262,"Колено 4: исходящие переводы за пределом обхода неизвестны. Вход: 1 пл., 31 600 KZT; выход: 0 пол., 0 KZT."
100000002703376100,terminal,0.55,1,0.3684,Получено 46 501 KZT от 1 плательщиков; исходящих переводов в выборке нет (колено 2).
100000002704875100,terminal,0.55,10,0.5429,Получено 244 891 KZT от 3 плательщиков; исходящих переводов в выборке нет (колено 1).
100000002705460100,terminal,0.55,2,0.3194,Получено 95 000 KZT от 1 плательщиков; исходящих переводов в выборке нет (колено 3).
100000002706810100,peripheral,0.2,12,0.2184,"Колено 4: исходящие переводы за пределом обхода неизвестны. Вход: 1 пл., 45 000 KZT; выход: 0 пол., 0 KZT."
100000002707106100,peripheral,0.2,9,0.2049,"Колено 4: исходящие переводы за пределом обхода неизвестны. Вход: 1 пл., 15 000 KZT; выход: 0 пол., 0 KZT."
100000002708624100,terminal,0.55,26,0.2989,Получено 25 000 KZT от 1 плательщиков; исходящих переводов в выборке нет (колено 3).
100000002710570100,terminal,0.55,30,0.3926,Получено 225 015 KZT от 1 плательщиков; исходящих переводов в выборке нет (колено 2).
100000002712416100,terminal,0.55,3,0.5195,Получено 116 800 KZT от 2 плательщиков; исходящих переводов в выборке нет (колено 3).
100000002713074100,peripheral,0.35,20,0.3667,"Выраженных признаков роли в доступной выборке нет. Вход: 2 пл., 700 000 KZT; выход: 1 пол., 430 000 KZT."
100000002713974100,peripheral,0.2,14,0.2196,"Колено 4: исходящие переводы за пределом обхода неизвестны. Вход: 1 пл., 50 000 KZT; выход: 0 пол., 0 KZT."
100000002718366100,consolidator,0.99,3,0.646,"Получает от 6 разных плательщиков; связи от 5 исходных клиентов. Вход: 6 пл., 2 525 000 KZT; выход: 0 пол., 0 KZT."
100000002720627100,terminal,0.55,15,0.5107,Получено 199 300 KZT от 1 плательщиков; исходящих переводов в выборке нет (колено 1).
100000002721825100,terminal,0.55,1,0.2864,Получено 11 000 KZT от 1 плательщиков; исходящих переводов в выборке нет (колено 2).
100000002722108100,terminal,0.55,12,0.412,Получено 800 000 KZT от 1 плательщиков; исходящих переводов в выборке нет (колено 3).
100000002723439100,peripheral,0.2,15,0.2071,"Колено 4: исходящие переводы за пределом обхода неизвестны. Вход: 1 пл., 18 000 KZT; выход: 0 пол., 0 KZT."
100000002723538100,distributor,0.9756,10,0.5453,"Распределяет средства 12 получателям. Вход: 3 пл., 105 647 KZT; выход: 12 пол., 560 499 KZT."
100000002723674100,peripheral,0.2,25,0.2134,"Колено 4: исходящие переводы за пределом обхода неизвестны. Вход: 1 пл., 30 000 KZT; выход: 0 пол., 0 KZT."
100000002726055100,peripheral,0.2,25,0.1999,"Колено 4: исходящие переводы за пределом обхода неизвестны. Вход: 1 пл., 10 000 KZT; выход: 0 пол., 0 KZT."
100000002727288100,terminal,0.55,2,0.4121,Получено 16 000 KZT от 1 плательщиков; исходящих переводов в выборке нет (колено 3).
100000002728246100,peripheral,0.2,6,0.2959,"Колено 4: исходящие переводы за пределом обхода неизвестны. Вход: 1 пл., 10 000 KZT; выход: 0 пол., 0 KZT."
100000002729875100,peripheral,0.2,9,0.2728,"Колено 4: исходящие переводы за пределом обхода неизвестны. Вход: 1 пл., 76 000 KZT; выход: 0 пол., 0 KZT."
100000002731501100,peripheral,0.35,24,0.412,"Выраженных признаков роли в доступной выборке нет. Вход: 3 пл., 570 370 KZT; выход: 7 пол., 833 960 KZT."
100000002733083100,peripheral,0.2,9,0.2531,"Колено 4: исходящие переводы за пределом обхода неизвестны. Вход: 1 пл., 15 200 KZT; выход: 0 пол., 0 KZT."
100000002733905100,peripheral,0.35,5,0.3783,"Выраженных признаков роли в доступной выборке нет. Вход: 3 пл., 100 000 KZT; выход: 2 пол., 717 839 KZT."
100000002734815100,peripheral,0.2,3,0.2293,"Колено 4: исходящие переводы за пределом обхода неизвестны. Вход: 1 пл., 110 000 KZT; выход: 0 пол., 0 KZT."
100000002736033100,peripheral,0.35,20,0.3055,"Выраженных признаков роли в доступной выборке нет. Вход: 1 пл., 34 530 KZT; выход: 1 пол., 11 000 KZT."
100000002736316100,terminal,0.55,1,0.4842,Получено 266 921 KZT от 3 плательщиков; исходящих переводов в выборке нет (колено 3).
100000002737980100,terminal,0.55,2,0.3632,Получено 32 900 KZT от 1 плательщиков; исходящих переводов в выборке нет (колено 3).
100000002738256100,transit,0.7697,40,0.3771,"Наблюдаемый выход/вход 1.17. 100% исходящего объёма в дни притока или через 1–2 дня. Вход: 1 пл., 150 200 KZT; выход: 1 пол., 175 000 KZT."
100000002741024100,peripheral,0.35,17,0.5365,"Выраженных признаков роли в доступной выборке нет. Вход: 5 пл., 817 981 KZT; выход: 6 пол., 434 989 KZT."
100000002742067100,terminal,0.55,2,0.4086,Получено 12 730 KZT от 1 плательщиков; исходящих переводов в выборке нет (колено 2).
100000002744581100,terminal,0.55,11,0.2877,Получено 12 000 KZT от 1 плательщиков; исходящих переводов в выборке нет (колено 2).
100000002748040100,peripheral,0.2,9,0.2551,"Колено 4: исходящие переводы за пределом обхода неизвестны. Вход: 1 пл., 18 000 KZT; выход: 0 пол., 0 KZT."
100000002748180100,distributor,0.8368,13,0.4459,"Распределяет средства 8 получателям. Вход: 1 пл., 9 900 KZT; выход: 8 пол., 679 743 KZT."
100000002748511100,peripheral,0.2,2,0.2084,"Колено 4: исходящие переводы за пределом обхода неизвестны. Вход: 1 пл., 20 000 KZT; выход: 0 пол., 0 KZT."
100000002748532100,peripheral,0.35,3,0.5621,"Выраженных признаков роли в доступной выборке нет. Вход: 3 пл., 355 575 KZT; выход: 2 пол., 646 685 KZT."
100000002748581100,terminal,0.55,9,0.3066,Получено 41 180 KZT от 1 плательщиков; исходящих переводов в выборке нет (колено 3).
100000002748761100,terminal,0.55,12,0.4119,Получено 796 800 KZT от 1 плательщиков; исходящих переводов в выборке нет (колено 3).
100000002750332100,terminal,0.55,11,0.2869,Получено 11 360 KZT от 1 плательщиков; исходящих переводов в выборке нет (колено 1).
100000002750956100,terminal,0.55,1,0.3087,Получено 47 416 KZT от 1 плательщиков; исходящих переводов в выборке нет (колено 1).
100000002752565100,peripheral,0.2,4,0.2692,"Колено 4: исходящие переводы за пределом обхода неизвестны. Вход: 1 пл., 57 000 KZT; выход: 0 пол., 0 KZT."
100000002753146100,terminal,0.55,12,0.412,Получено 803 540 KZT от 1 плательщиков; исходящих переводов в выборке нет (колено 3).
100000002755292100,terminal,0.55,6,0.451,Получено 203 400 KZT от 1 плательщиков; исходящих переводов в выборке нет (колено 3).
100000002757240100,terminal,0.55,1,0.4299,Получено 51 183 KZT от 1 плательщиков; исходящих переводов в выборке нет (колено 2).
100000002757791100,terminal,0.55,11,0.3154,Получено 73 050 KZT от 1 плательщиков; исходящих переводов в выборке нет (колено 3).
100000002757797100,terminal,0.55,13,0.3202,Получено 100 000 KZT от 1 плательщиков; исходящих переводов в выборке нет (колено 1).
100000002760175100,terminal,0.55,15,0.5098,Получено 187 410 KZT от 1 плательщиков; исходящих переводов в выборке нет (колено 1).
100000002762076100,peripheral,0.35,11,0.3973,"Выраженных признаков роли в доступной выборке нет. Вход: 2 пл., 140 350 KZT; выход: 1 пол., 30 000 KZT."
100000002769809100,terminal,0.55,16,0.3221,Получено 113 422 KZT от 1 плательщиков; исходящих переводов в выборке нет (колено 3).
100000002773323100,peripheral,0.35,3,0.4906,"Выраженных признаков роли в доступной выборке нет. Вход: 2 пл., 285 000 KZT; выход: 1 пол., 1 171 644 KZT."
100000002774456100,terminal,0.55,15,0.4897,Получено 50 363 KZT от 1 плательщиков; исходящих переводов в выборке нет (колено 1).
100000002778085100,terminal,0.55,2,0.3739,Получено 66 208 KZT от 1 плательщиков; исходящих переводов в выборке нет (колено 1).
100000002779485100,terminal,0.55,14,0.3187,Получено 91 000 KZT от 1 плательщиков; исходящих переводов в выборке нет (колено 2).
100000002781227100,transit,0.7929,3,0.4147,"Наблюдаемый выход/вход 1.11. 81% исходящего объёма в дни притока или через 1–2 дня. Вход: 2 пл., 191 168 KZT; выход: 3 пол., 212 420 KZT."
100000002784085100,terminal,0.55,11,0.3308,Получено 200 000 KZT от 1 плательщиков; исходящих переводов в выборке нет (колено 1).
100000002791494100,peripheral,0.2,9,0.2743,"Колено 4: исходящие переводы за пределом обхода неизвестны. Вход: 1 пл., 85 860 KZT; выход: 0 пол., 0 KZT."
100000002793851100,terminal,0.55,2,0.3465,Получено 11 052 KZT от 1 плательщиков; исходящих переводов в выборке нет (колено 1).
100000002793881100,terminal,0.55,3,0.5607,Получено 785 600 KZT от 3 плательщиков; исходящих переводов в выборке нет (колено 3).
100000002794197100,terminal,0.55,11,0.3018,Получено 30 100 KZT от 1 плательщиков; исходящих переводов в выборке нет (колено 1).
100000002794374100,peripheral,0.2,3,0.2294,"Колено 4: исходящие переводы за пределом обхода неизвестны. Вход: 1 пл., 111 000 KZT; выход: 0 пол., 0 KZT."
100000002796853100,peripheral,0.35,3,0.3308,"Выраженных признаков роли в доступной выборке нет. Вход: 1 пл., 199 000 KZT; выход: 1 пол., 46 168 KZT."
100000002799941100,terminal,0.55,16,0.3476,Получено 600 000 KZT от 1 плательщиков; исходящих переводов в выборке нет (колено 3).
100000002807334100,terminal,0.55,6,0.4309,Получено 54 715 KZT от 1 плательщиков; исходящих переводов в выборке нет (колено 3).
100000002809568100,terminal,0.55,1,0.2849,Получено 10 000 KZT от 1 плательщиков; исходящих переводов в выборке нет (колено 1).
100000002809896100,terminal,0.55,9,0.3054,Получено 38 000 KZT от 1 плательщиков; исходящих переводов в выборке нет (колено 3).
100000002810870100,terminal,0.55,5,0.3035,Получено 33 677 KZT от 1 плательщиков; исходящих переводов в выборке нет (колено 1).
100000002812641100,peripheral,0.35,11,0.41,"Выраженных признаков роли в доступной выборке нет. Вход: 1 пл., 10 000 KZT; выход: 1 пол., 7 024 KZT."
100000002815005100,terminal,0.55,3,0.404,Получено 476 500 KZT от 1 плательщиков; исходящих переводов в выборке нет (колено 3).
100000002818726100,terminal,0.55,1,0.4062,Получено 10 879 KZT от 1 плательщиков; исходящих переводов в выборке нет (колено 3).
100000002820010100,terminal,0.55,18,0.3017,Получено 30 000 KZT от 1 плательщиков; исходящих переводов в выборке нет (колено 2).
100000002821425100,terminal,0.55,12,0.3956,Получено 275 000 KZT от 1 плательщиков; исходящих переводов в выборке нет (колено 3).
100000002822472100,terminal,0.55,12,0.4721,Получено 266 722 KZT от 2 плательщиков; исходящих переводов в выборке нет (колено 3).
100000002824176100,terminal,0.55,11,0.3857,Получено 144 000 KZT от 1 плательщиков; исходящих переводов в выборке нет (колено 1).
100000002826669100,terminal,0.55,4,0.4473,Получено 159 900 KZT от 1 плательщиков; исходящих переводов в выборке нет (колено 2).
100000002830055100,terminal,0.55,5,0.2901,Получено 14 000 KZT от 1 плательщиков; исходящих переводов в выборке нет (колено 1).
100000002831727100,peripheral,0.35,16,0.3147,"Выраженных признаков роли в доступной выборке нет. Вход: 1 пл., 6 000 KZT; выход: 1 пол., 77 000 KZT."
100000002832753100,peripheral,0.2,34,0.2027,"Колено 4: исходящие переводы за пределом обхода неизвестны. Вход: 1 пл., 12 500 KZT; выход: 0 пол., 0 KZT."
100000002835874100,peripheral,0.2,3,0.2696,"Колено 4: исходящие переводы за пределом обхода неизвестны. Вход: 1 пл., 58 700 KZT; выход: 0 пол., 0 KZT."
100000002836052100,terminal,0.55,14,0.4711,Получено 15 000 KZT от 1 плательщиков; исходящих переводов в выборке нет (колено 2).
100000002836736100,terminal,0.55,11,0.482,Получено 509 000 KZT от 2 плательщиков; исходящих переводов в выборке нет (колено 1).
100000002838519100,terminal,0.55,9,0.3086,Получено 46 900 KZT от 1 плательщиков; исходящих переводов в выборке нет (колено 3).
100000002838861100,consolidator,0.91,11,0.6155,"Получает от 5 разных плательщиков; связи от 4 исходных клиентов. Вход: 5 пл., 554 524 KZT; выход: 1 пол., 10 000 KZT."
100000002842321100,terminal,0.55,6,0.4474,Получено 160 000 KZT от 1 плательщиков; исходящих переводов в выборке нет (колено 3).
100000002842337100,terminal,0.55,29,0.3096,Получено 50 000 KZT от 1 плательщиков; исходящих переводов в выборке нет (колено 2).
100000002844652100,terminal,0.55,11,0.3127,Получено 61 360 KZT от 1 плательщиков; исходящих переводов в выборке нет (колено 1).
100000002844897100,terminal,0.55,11,0.2861,Получено 10 800 KZT от 1 плательщиков; исходящих переводов в выборке нет (колено 1).
100000002845605100,terminal,0.55,1,0.3117,Получено 57 567 KZT от 1 плательщиков; исходящих переводов в выборке нет (колено 1).
100000002847207100,terminal,0.55,8,0.4884,Получено 46 243 KZT от 1 плательщиков; исходящих переводов в выборке нет (колено 1).
100000002849158100,peripheral,0.35,3,0.5051,"Выраженных признаков роли в доступной выборке нет. Вход: 3 пл., 723 000 KZT; выход: 1 пол., 1 313 000 KZT."
100000002852402100,terminal,0.55,2,0.311,Получено 55 000 KZT от 1 плательщиков; исходящих переводов в выборке нет (колено 2).
100000002858835100,terminal,0.55,5,0.2986,Получено 24 400 KZT от 1 плательщиков; исходящих переводов в выборке нет (колено 1).
100000002860934100,peripheral,0.2,21,0.2407,"Колено 4: исходящие переводы за пределом обхода неизвестны. Вход: 1 пл., 279 500 KZT; выход: 0 пол., 0 KZT."
100000002861485100,terminal,0.55,2,0.3614,Получено 29 323 KZT от 1 плательщиков; исходящих переводов в выборке нет (колено 1).
100000002862113100,terminal,0.55,9,0.3087,Получено 47 405 KZT от 1 плательщиков; исходящих переводов в выборке нет (колено 3).
100000002863356100,peripheral,0.35,5,0.3106,"Выраженных признаков роли в доступной выборке нет. Вход: 1 пл., 45 000 KZT; выход: 1 пол., 20 000 KZT."
100000002864256100,terminal,0.55,8,0.5048,Получено 135 780 KZT от 1 плательщиков; исходящих переводов в выборке нет (колено 1).
100000002864680100,terminal,0.55,13,0.3113,Получено 55 932 KZT от 1 плательщиков; исходящих переводов в выборке нет (колено 1).
100000002870463100,peripheral,0.35,18,0.4108,"Выраженных признаков роли в доступной выборке нет. Вход: 3 пл., 207 000 KZT; выход: 1 пол., 10 000 KZT."
100000002870937100,terminal,0.55,11,0.3174,Получено 83 700 KZT от 1 плательщиков; исходящих переводов в выборке нет (колено 1).
100000002871199100,terminal,0.55,9,0.2978,Получено 23 186 KZT от 1 плательщиков; исходящих переводов в выборке нет (колено 3).
100000002872399100,terminal,0.55,11,0.3567,Получено 1 090 000 KZT от 1 плательщиков; исходящих переводов в выборке нет (колено 3).
100000002876914100,peripheral,0.2,12,0.2022,"Колено 4: исходящие переводы за пределом обхода неизвестны. Вход: 1 пл., 12 000 KZT; выход: 0 пол., 0 KZT."
100000002877262100,terminal,0.55,3,0.4402,Получено 100 000 KZT от 1 плательщиков; исходящих переводов в выборке нет (колено 3).
100000002878467100,terminal,0.55,3,0.4077,Получено 200 000 KZT от 2 плательщиков; исходящих переводов в выборке нет (колено 3).
100000002878483100,peripheral,0.2,12,0.1937,"Колено 4: исходящие переводы за пределом обхода неизвестны. Вход: 1 пл., 6 000 KZT; выход: 0 пол., 0 KZT."
100000002881669100,terminal,0.55,13,0.2944,Получено 18 600 KZT от 1 плательщиков; исходящих переводов в выборке нет (колено 1).
100000002883402100,terminal,0.55,12,0.546,Получено 300 000 KZT от 3 плательщиков; исходящих переводов в выборке нет (колено 3).
100000002884708100,peripheral,0.2,3,0.2583,"Колено 4: исходящие переводы за пределом обхода неизвестны. Вход: 1 пл., 1 171 644 KZT; выход: 0 пол., 0 KZT."
100000002886166100,terminal,0.55,24,0.3296,Получено 185 000 KZT от 1 плательщиков; исходящих переводов в выборке нет (колено 3).
100000002890167100,terminal,0.55,2,0.3827,Получено 118 150 KZT от 1 плательщиков; исходящих переводов в выборке нет (колено 1).
100000002891765100,terminal,0.55,9,0.3112,Получено 55 576 KZT от 1 плательщиков; исходящих переводов в выборке нет (колено 3).
100000002893020100,terminal,0.55,9,0.2942,Получено 18 340 KZT от 1 плательщиков; исходящих переводов в выборке нет (колено 3).
100000002894076100,terminal,0.55,11,0.5755,Получено 1 122 782 KZT от 4 плательщиков; исходящих переводов в выборке нет (колено 1).
100000002896506100,peripheral,0.2,14,0.3144,"Колено 4: исходящие переводы за пределом обхода неизвестны. Вход: 1 пл., 45 000 KZT; выход: 0 пол., 0 KZT."
100000002901457100,peripheral,0.35,4,0.4235,"Выраженных признаков роли в доступной выборке нет. Вход: 1 пл., 340 000 KZT; выход: 3 пол., 119 000 KZT."
100000002904919100,peripheral,0.35,4,0.3112,"Выраженных признаков роли в доступной выборке нет. Вход: 1 пл., 60 325 KZT; выход: 1 пол., 5 500 KZT."
100000002906470100,terminal,0.55,16,0.3242,Получено 130 000 KZT от 1 плательщиков; исходящих переводов в выборке нет (колено 3).
100000002908521100,terminal,0.55,7,0.3078,Получено 44 500 KZT от 1 плательщиков; исходящих переводов в выборке нет (колено 3).
100000002911170100,terminal,0.55,12,0.457,Получено 300 000 KZT от 1 плательщиков; исходящих переводов в выборке нет (колено 2).
100000002913340100,terminal,0.55,7,0.2981,Получено 23 600 KZT от 1 плательщиков; исходящих переводов в выборке нет (колено 3).
100000002914245100,terminal,0.55,14,0.3254,Получено 140 611 KZT от 1 плательщиков; исходящих переводов в выборке нет (колено 3).
100000002916006100,peripheral,0.35,16,0.1272,"Выраженных признаков роли в доступной выборке нет. Вход: 0 пл., 0 KZT; выход: 1 пол., 32 000 KZT."
100000002921047100,peripheral,0.35,11,0.4743,"Выраженных признаков роли в доступной выборке нет. Вход: 2 пл., 338 000 KZT; выход: 1 пол., 163 000 KZT."
100000002922000100,peripheral,0.2,1,0.2465,"Колено 4: исходящие переводы за пределом обхода неизвестны. Вход: 1 пл., 448 000 KZT; выход: 0 пол., 0 KZT."
100000002926970100,terminal,0.55,9,0.3177,Получено 85 000 KZT от 1 плательщиков; исходящих переводов в выборке нет (колено 3).
100000002933386100,peripheral,0.35,1,0.3128,"Выраженных признаков роли в доступной выборке нет. Вход: 1 пл., 15 000 KZT; выход: 1 пол., 58 000 KZT."
100000002934441100,terminal,0.55,1,0.3295,Получено 60 846 KZT от 2 плательщиков; исходящих переводов в выборке нет (колено 1).
100000002936322100,terminal,0.55,14,0.4287,Получено 787 133 KZT от 2 плательщиков; исходящих переводов в выборке нет (колено 3).
100000002938501100,peripheral,0.35,2,0.3468,"Выраженных признаков роли в доступной выборке нет. Вход: 1 пл., 8 395 KZT; выход: 1 пол., 5 000 KZT."
100000002939838100,terminal,0.55,8,0.5558,Получено 571 233 KZT от 3 плательщиков; исходящих переводов в выборке нет (колено 1).
100000002941114100,peripheral,0.35,15,0.5152,"Выраженных признаков роли в доступной выборке нет. Вход: 2 пл., 128 510 KZT; выход: 1 пол., 15 000 KZT."
100000002943472100,terminal,0.55,3,0.4483,Получено 170 000 KZT от 1 плательщиков; исходящих переводов в выборке нет (колено 3).
100000002945031100,terminal,0.55,1,0.4111,Получено 15 000 KZT от 1 плательщиков; исходящих переводов в выборке нет (колено 3).
100000002945626100,terminal,0.55,3,0.5562,Получено 584 000 KZT от 3 плательщиков; исходящих переводов в выборке нет (колено 3).
100000002947299100,terminal,0.55,1,0.4377,Получено 85 000 KZT от 1 плательщиков; исходящих переводов в выборке нет (колено 2).
100000002948492100,terminal,0.55,9,0.2981,Получено 23 660 KZT от 1 плательщиков; исходящих переводов в выборке нет (колено 3).
100000002951898100,terminal,0.55,9,0.3061,Получено 39 990 KZT от 1 плательщиков; исходящих переводов в выборке нет (колено 3).
100000002952631100,terminal,0.55,2,0.3689,Получено 48 050 KZT от 1 плательщиков; исходящих переводов в выборке нет (колено 1).
100000002952756100,terminal,0.55,13,0.3086,Получено 47 000 KZT от 1 плательщиков; исходящих переводов в выборке нет (колено 3).
100000002954780100,terminal,0.55,3,0.3246,Получено 133 400 KZT от 1 плательщиков; исходящих переводов в выборке нет (колено 3).
100000002956769100,terminal,0.55,3,0.5017,Получено 840 000 KZT от 3 плательщиков; исходящих переводов в выборке нет (колено 3).
100000002956779100,terminal,0.55,8,0.3418,Получено 411 000 KZT от 1 плательщиков; исходящих переводов в выборке нет (колено 3).
100000002956898100,terminal,0.55,2,0.4734,Получено 290 240 KZT от 2 плательщиков; исходящих переводов в выборке нет (колено 2).
100000002957306100,terminal,0.55,15,0.5383,Получено 398 490 KZT от 2 плательщиков; исходящих переводов в выборке нет (колено 1).
100000002957787100,coordinator,0.97,1,0.8019,"Связи от 4 исходных клиентов; высокая посредническая роль. Вход: 4 пл., 84 956 KZT; выход: 34 пол., 1 276 154 KZT."
100000002958139100,terminal,0.55,3,0.3915,Получено 209 500 KZT от 1 плательщиков; исходящих переводов в выборке нет (колено 3).
100000002958286100,terminal,0.55,11,0.3346,Получено 257 000 KZT от 1 плательщиков; исходящих переводов в выборке нет (колено 1).
100000002958343100,peripheral,0.35,11,0.3867,"Выраженных признаков роли в доступной выборке нет. Вход: 1 пл., 2 900 000 KZT; выход: 2 пол., 1 390 000 KZT."
100000002958345100,terminal,0.55,12,0.3973,Получено 307 000 KZT от 1 плательщиков; исходящих переводов в выборке нет (колено 3).
100000002963189100,peripheral,0.35,9,0.4269,"Выраженных признаков роли в доступной выборке нет. Вход: 1 пл., 490 000 KZT; выход: 7 пол., 5 219 000 KZT."
100000002964966100,terminal,0.55,19,0.3908,Получено 200 000 KZT от 1 плательщиков; исходящих переводов в выборке нет (колено 2).
100000002968096100,peripheral,0.2,14,0.3198,"Колено 4: исходящие переводы за пределом обхода неизвестны. Вход: 1 пл., 70 000 KZT; выход: 0 пол., 0 KZT."
100000002969048100,terminal,0.55,18,0.3214,Получено 108 470 KZT от 1 плательщиков; исходящих переводов в выборке нет (колено 2).
100000002970466100,peripheral,0.35,4,0.3923,"Выраженных признаков роли в доступной выборке нет. Вход: 1 пл., 23 317 KZT; выход: 2 пол., 93 000 KZT."
100000002971593100,peripheral,0.2,6,0.3154,"Колено 4: исходящие переводы за пределом обхода неизвестны. Вход: 1 пл., 49 050 KZT; выход: 0 пол., 0 KZT."
100000002973903100,terminal,0.55,13,0.528,Получено 92 880 KZT от 3 плательщиков; исходящих переводов в выборке нет (колено 1).
100000002974256100,terminal,0.55,13,0.2799,Получено 7 200 KZT от 1 плательщиков; исходящих переводов в выборке нет (колено 2).
100000002975287100,terminal,0.55,6,0.2911,Получено 15 000 KZT от 1 плательщиков; исходящих переводов в выборке нет (колено 3).
100000002975437100,peripheral,0.35,30,0.3429,"Выраженных признаков роли в доступной выборке нет. Вход: 1 пл., 530 000 KZT; выход: 1 пол., 8 500 KZT."
100000002981489100,peripheral,0.2,6,0.2959,"Колено 4: исходящие переводы за пределом обхода неизвестны. Вход: 1 пл., 10 000 KZT; выход: 0 пол., 0 KZT."
100000002981527100,terminal,0.55,11,0.3281,Получено 168 000 KZT от 1 плательщиков; исходящих переводов в выборке нет (колено 1).
100000002982252100,terminal,0.55,5,0.2958,Получено 20 320 KZT от 1 плательщиков; исходящих переводов в выборке нет (колено 1).
100000002983426100,terminal,0.55,9,0.3184,Получено 88 945 KZT от 1 плательщиков; исходящих переводов в выборке нет (колено 3).
100000002983879100,terminal,0.55,1,0.5277,Получено 200 050 KZT от 2 плательщиков; исходящих переводов в выборке нет (колено 2).
100000002984403100,peripheral,0.35,26,0.3054,"Выраженных признаков роли в доступной выборке нет. Вход: 1 пл., 20 000 KZT; выход: 1 пол., 25 000 KZT."
100000002986245100,peripheral,0.2,12,0.1932,"Колено 4: исходящие переводы за пределом обхода неизвестны. Вход: 1 пл., 5 750 KZT; выход: 0 пол., 0 KZT."
100000002988894100,peripheral,0.35,8,0.5407,"Выраженных признаков роли в доступной выборке нет. Вход: 1 пл., 306 121 KZT; выход: 3 пол., 77 500 KZT."
100000002989353100,peripheral,0.35,12,0.4214,"Выраженных признаков роли в доступной выборке нет. Вход: 1 пл., 500 000 KZT; выход: 2 пол., 321 160 KZT."
100000002990675100,terminal,0.55,6,0.4299,Получено 51 143 KZT от 1 плательщиков; исходящих переводов в выборке нет (колено 3).
100000002991079100,peripheral,0.35,2,0.3968,"Выраженных признаков роли в доступной выборке нет. Вход: 2 пл., 148 900 KZT; выход: 1 пол., 11 000 KZT."
100000002992171100,terminal,0.55,5,0.2907,Получено 14 627 KZT от 1 плательщиков; исходящих переводов в выборке нет (колено 1).
100000002994441100,peripheral,0.2,10,0.1915,"Колено 4: исходящие переводы за пределом обхода неизвестны. Вход: 1 пл., 5 000 KZT; выход: 0 пол., 0 KZT."
100000002999140100,peripheral,0.2,13,0.1999,"Колено 4: исходящие переводы за пределом обхода неизвестны. Вход: 1 пл., 10 000 KZT; выход: 0 пол., 0 KZT."
100000003001138100,peripheral,0.2,21,0.2134,"Колено 4: исходящие переводы за пределом обхода неизвестны. Вход: 1 пл., 30 000 KZT; выход: 0 пол., 0 KZT."
100000003001564100,peripheral,0.35,2,0.3884,"Выраженных признаков роли в доступной выборке нет. Вход: 1 пл., 23 520 KZT; выход: 1 пол., 180 000 KZT."
100000003001661100,peripheral,0.35,21,0.3805,"Выраженных признаков роли в доступной выборке нет. Вход: 1 пл., 110 000 KZT; выход: 5 пол., 439 500 KZT."
100000003003821100,terminal,0.55,8,0.4861,Получено 40 000 KZT от 1 плательщиков; исходящих переводов в выборке нет (колено 2).
100000003004487100,peripheral,0.35,30,0.4399,"Выраженных признаков роли в доступной выборке нет. Вход: 4 пл., 183 703 KZT; выход: 2 пол., 265 015 KZT."
100000003005167100,peripheral,0.2,12,0.1956,"Колено 4: исходящие переводы за пределом обхода неизвестны. Вход: 1 пл., 7 000 KZT; выход: 0 пол., 0 KZT."
100000003006633100,terminal,0.55,33,0.2849,Получено 10 000 KZT от 1 плательщиков; исходящих переводов в выборке нет (колено 3).
100000003009900100,terminal,0.55,9,0.2921,Получено 15 998 KZT от 1 плательщиков; исходящих переводов в выборке нет (колено 3).
100000003010908100,peripheral,0.2,9,0.2064,"Колено 4: исходящие переводы за пределом обхода неизвестны. Вход: 1 пл., 17 000 KZT; выход: 0 пол., 0 KZT."
100000003014659100,terminal,0.55,15,0.5159,Получено 280 000 KZT от 1 плательщиков; исходящих переводов в выборке нет (колено 1).
100000003016438100,peripheral,0.35,3,0.3422,"Выраженных признаков роли в доступной выборке нет. Вход: 1 пл., 200 000 KZT; выход: 1 пол., 300 000 KZT."
100000003016635100,coordinator,1,2,0.4193,"Связи от 4 исходных клиентов; высокая посредническая роль. Вход: 8 пл., 586 981 KZT; выход: 73 пол., 9 414 081 KZT."
100000003016773100,terminal,0.55,3,0.3085,Получено 46 555 KZT от 1 плательщиков; исходящих переводов в выборке нет (колено 2).
100000003022835100,terminal,0.55,8,0.5036,Получено 125 000 KZT от 1 плательщиков; исходящих переводов в выборке нет (колено 1).
100000003024542100,terminal,0.55,8,0.4624,Получено 8 500 KZT от 1 плательщиков; исходящих переводов в выборке нет (колено 2).
100000003025903100,peripheral,0.2,14,0.3407,"Колено 4: исходящие переводы за пределом обхода неизвестны. Вход: 1 пл., 386 300 KZT; выход: 0 пол., 0 KZT."
100000003031003100,terminal,0.55,3,0.5449,Получено 280 090 KZT от 3 плательщиков; исходящих переводов в выборке нет (колено 3).
100000003031633100,terminal,0.55,3,0.4019,Получено 414 000 KZT от 1 плательщиков; исходящих переводов в выборке нет (колено 3).
100000003031761100,terminal,0.55,14,0.3435,Получено 460 408 KZT от 1 плательщиков; исходящих переводов в выборке нет (колено 3).
100000003031890100,terminal,0.55,24,0.3319,Получено 215 000 KZT от 1 плательщиков; исходящих переводов в выборке нет (колено 2).
100000003034546100,terminal,0.55,3,0.3444,Получено 486 715 KZT от 1 плательщиков; исходящих переводов в выборке нет (колено 2).
100000003035737100,peripheral,0.35,14,0.4817,"Выраженных признаков роли в доступной выборке нет. Вход: 2 пл., 809 170 KZT; выход: 1 пол., 6 545 KZT."
100000003036198100,terminal,0.55,17,0.3511,Получено 15 000 KZT от 1 плательщиков; исходящих переводов в выборке нет (колено 2).
100000003037476100,peripheral,0.2,3,0.3203,"Колено 4: исходящие переводы за пределом обхода неизвестны. Вход: 3 пл., 555 000 KZT; выход: 0 пол., 0 KZT."
100000003037660100,terminal,0.55,8,0.4904,Получено 53 000 KZT от 1 плательщиков; исходящих переводов в выборке нет (колено 1).
100000003039473100,terminal,0.55,2,0.4177,Получено 23 000 KZT от 1 плательщиков; исходящих переводов в выборке нет (колено 2).
100000003040087100,peripheral,0.2,9,0.261,"Колено 4: исходящие переводы за пределом обхода неизвестны. Вход: 1 пл., 29 000 KZT; выход: 0 пол., 0 KZT."
100000003042994100,terminal,0.55,2,0.3962,Получено 286 086 KZT от 1 плательщиков; исходящих переводов в выборке нет (колено 1).
100000003044431100,terminal,0.55,10,0.4493,Получено 60 000 KZT от 2 плательщиков; исходящих переводов в выборке нет (колено 2).
100000003044518100,terminal,0.55,11,0.3038,Получено 34 423 KZT от 1 плательщиков; исходящих переводов в выборке нет (колено 1).
100000003047800100,peripheral,0.2,12,0.2024,"Колено 4: исходящие переводы за пределом обхода неизвестны. Вход: 1 пл., 12 212 KZT; выход: 0 пол., 0 KZT."
100000003050771100,terminal,0.55,1,0.4528,Получено 229 000 KZT от 1 плательщиков; исходящих переводов в выборке нет (колено 3).
100000003054328100,peripheral,0.35,13,0.3476,"Выраженных признаков роли в доступной выборке нет. Вход: 1 пл., 140 000 KZT; выход: 2 пол., 193 720 KZT."
100000003057225100,terminal,0.55,2,0.3933,Получено 236 000 KZT от 1 плательщиков; исходящих переводов в выборке нет (колено 1).
100000003060187100,terminal,0.55,16,0.3191,Получено 93 046 KZT от 1 плательщиков; исходящих переводов в выборке нет (колено 3).
100000003060517100,terminal,0.55,6,0.3378,Получено 315 955 KZT от 1 плательщиков; исходящих переводов в выборке нет (колено 3).
100000003061115100,peripheral,0.2,4,0.2664,"Колено 4: исходящие переводы за пределом обхода неизвестны. Вход: 1 пл., 45 000 KZT; выход: 0 пол., 0 KZT."
100000003062895100,terminal,0.55,3,0.4153,Получено 328 444 KZT от 2 плательщиков; исходящих переводов в выборке нет (колено 2).
100000003066385100,terminal,0.55,1,0.3125,Получено 20 000 KZT от 2 плательщиков; исходящих переводов в выборке нет (колено 1).
100000003068941100,peripheral,0.35,18,0.4616,"Выраженных признаков роли в доступной выборке нет. Вход: 3 пл., 94 000 KZT; выход: 1 пол., 25 000 KZT."
100000003069463100,peripheral,0.35,27,0.2988,"Выраженных признаков роли в доступной выборке нет. Вход: 1 пл., 11 500 KZT; выход: 1 пол., 17 920 KZT."
100000003071649100,terminal,0.55,3,0.3299,Получено 189 500 KZT от 1 плательщиков; исходящих переводов в выборке нет (колено 3).
100000003071930100,peripheral,0.35,11,0.5435,"Выраженных признаков роли в доступной выборке нет. Вход: 3 пл., 477 610 KZT; выход: 1 пол., 5 000 KZT."
100000003072205100,peripheral,0.2,3,0.3437,"Колено 4: исходящие переводы за пределом обхода неизвестны. Вход: 2 пл., 163 000 KZT; выход: 0 пол., 0 KZT."
100000003072676100,terminal,0.55,6,0.3025,Получено 31 545 KZT от 1 плательщиков; исходящих переводов в выборке нет (колено 3).
100000003073398100,terminal,0.55,18,0.319,Получено 92 960 KZT от 1 плательщиков; исходящих переводов в выборке нет (колено 2).
100000003073635100,terminal,0.55,10,0.3241,Получено 129 231 KZT от 1 плательщиков; исходящих переводов в выборке нет (колено 3).
100000003074515100,peripheral,0.2,3,0.2767,"Колено 4: исходящие переводы за пределом обхода неизвестны. Вход: 1 пл., 105 000 KZT; выход: 0 пол., 0 KZT."
100000003078839100,peripheral,0.2,10,0.2041,"Колено 4: исходящие переводы за пределом обхода неизвестны. Вход: 1 пл., 14 000 KZT; выход: 0 пол., 0 KZT."
100000003083865100,peripheral,0.2,9,0.2529,"Колено 4: исходящие переводы за пределом обхода неизвестны. Вход: 1 пл., 15 000 KZT; выход: 0 пол., 0 KZT."
100000003084870100,peripheral,0.2,12,0.1947,"Колено 4: исходящие переводы за пределом обхода неизвестны. Вход: 1 пл., 6 500 KZT; выход: 0 пол., 0 KZT."
100000003086040100,terminal,0.55,10,0.3457,Получено 10 500 KZT от 1 плательщиков; исходящих переводов в выборке нет (колено 2).
100000003087877100,terminal,0.55,14,0.3188,Получено 91 486 KZT от 1 плательщиков; исходящих переводов в выборке нет (колено 3).
100000003089018100,terminal,0.55,3,0.3329,Получено 230 000 KZT от 1 плательщиков; исходящих переводов в выборке нет (колено 2).
100000003089553100,terminal,0.55,3,0.4464,Получено 150 000 KZT от 1 плательщиков; исходящих переводов в выборке нет (колено 3).
100000003091142100,peripheral,0.2,4,0.2649,"Колено 4: исходящие переводы за пределом обхода неизвестны. Вход: 1 пл., 40 000 KZT; выход: 0 пол., 0 KZT."
100000003093299100,terminal,0.55,4,0.3511,Получено 15 000 KZT от 1 плательщиков; исходящих переводов в выборке нет (колено 3).
100000003095610100,terminal,0.55,9,0.2981,Получено 23 665 KZT от 1 плательщиков; исходящих переводов в выборке нет (колено 3).
100000003096787100,peripheral,0.2,9,0.254,"Колено 4: исходящие переводы за пределом обхода неизвестны. Вход: 1 пл., 16 400 KZT; выход: 0 пол., 0 KZT."
100000003097324100,terminal,0.55,3,0.4736,Получено 294 000 KZT от 2 плательщиков; исходящих переводов в выборке нет (колено 3).
100000003097947100,peripheral,0.2,10,0.2204,"Колено 4: исходящие переводы за пределом обхода неизвестны. Вход: 1 пл., 52 980 KZT; выход: 0 пол., 0 KZT."
100000003102157100,terminal,0.55,1,0.3197,Получено 96 746 KZT от 1 плательщиков; исходящих переводов в выборке нет (колено 1).
100000003104347100,peripheral,0.35,22,0.3406,"Выраженных признаков роли в доступной выборке нет. Вход: 1 пл., 418 000 KZT; выход: 1 пол., 32 000 KZT."
100000003105089100,peripheral,0.2,25,0.1999,"Колено 4: исходящие переводы за пределом обхода неизвестны. Вход: 1 пл., 10 000 KZT; выход: 0 пол., 0 KZT."
100000003105929100,peripheral,0.35,6,0.4646,"Выраженных признаков роли в доступной выборке нет. Вход: 1 пл., 429 567 KZT; выход: 1 пол., 156 354 KZT."
100000003109805100,terminal,0.55,20,0.3049,Получено 36 929 KZT от 1 плательщиков; исходящих переводов в выборке нет (колено 3).
100000003111305100,terminal,0.55,11,0.5634,Получено 509 338 KZT от 4 плательщиков; исходящих переводов в выборке нет (колено 3).
100000003112436100,terminal,0.55,8,0.5002,Получено 100 000 KZT от 1 плательщиков; исходящих переводов в выборке нет (колено 2).
100000003112578100,terminal,0.55,12,0.3803,Получено 101 080 KZT от 1 плательщиков; исходящих переводов в выборке нет (колено 3).
100000003115284100,consolidator,1,15,0.6697,"Получает от 8 разных плательщиков; связи от 9 исходных клиентов. Вход: 8 пл., 2 160 500 KZT; выход: 2 пол., 517 000 KZT."
100000003116106100,terminal,0.55,6,0.4646,Получено 494 050 KZT от 1 плательщиков; исходящих переводов в выборке нет (колено 3).
100000003119550100,terminal,0.55,5,0.2963,Получено 21 000 KZT от 1 плательщиков; исходящих переводов в выборке нет (колено 1).
100000003122817100,terminal,0.55,27,0.343,Получено 444 680 KZT от 1 плательщиков; исходящих переводов в выборке нет (колено 3).
100000003123296100,terminal,0.55,13,0.3179,Получено 86 200 KZT от 1 плательщиков; исходящих переводов в выборке нет (колено 1).
100000003125997100,peripheral,0.2,3,0.2265,"Колено 4: исходящие переводы за пределом обхода неизвестны. Вход: 1 пл., 87 750 KZT; выход: 0 пол., 0 KZT."
100000003128638100,peripheral,0.2,3,0.2416,"Колено 4: исходящие переводы за пределом обхода неизвестны. Вход: 1 пл., 300 000 KZT; выход: 0 пол., 0 KZT."
100000003131016100,peripheral,0.35,4,0.4027,"Выраженных признаков роли в доступной выборке нет. Вход: 1 пл., 405 700 KZT; выход: 1 пол., 126 000 KZT."
100000003131693100,terminal,0.55,8,0.5195,Получено 353 277 KZT от 1 плательщиков; исходящих переводов в выборке нет (колено 1).
100000003132484100,terminal,0.55,3,0.3185,Получено 90 000 KZT от 1 плательщиков; исходящих переводов в выборке нет (колено 3).
100000003133045100,peripheral,0.2,31,0.2234,"Колено 4: исходящие переводы за пределом обхода неизвестны. Вход: 1 пл., 68 000 KZT; выход: 0 пол., 0 KZT."
100000003134474100,terminal,0.55,6,0.4424,Получено 116 000 KZT от 1 плательщиков; исходящих переводов в выборке нет (колено 3).
100000003134550100,peripheral,0.2,3,0.2281,"Колено 4: исходящие переводы за пределом обхода неизвестны. Вход: 1 пл., 100 000 KZT; выход: 0 пол., 0 KZT."
100000003134934100,terminal,0.55,10,0.4989,Получено 379 354 KZT от 4 плательщиков; исходящих переводов в выборке нет (колено 2).
100000003134937100,terminal,0.55,2,0.3454,Получено 10 286 KZT от 1 плательщиков; исходящих переводов в выборке нет (колено 1).
100000003146511100,peripheral,0.2,1,0.2479,"Колено 4: исходящие переводы за пределом обхода неизвестны. Вход: 1 пл., 10 000 KZT; выход: 0 пол., 0 KZT."
100000003147719100,terminal,0.55,3,0.3202,Получено 100 000 KZT от 1 плательщиков; исходящих переводов в выборке нет (колено 3).
100000003148220100,peripheral,0.35,43,0.3183,"Выраженных признаков роли в доступной выборке нет. Вход: 1 пл., 5 650 KZT; выход: 2 пол., 43 400 KZT."
100000003149149100,terminal,0.55,6,0.4539,Получено 245 000 KZT от 1 плательщиков; исходящих переводов в выборке нет (колено 3).
100000003152964100,peripheral,0.35,10,0.3235,"Выраженных признаков роли в доступной выборке нет. Вход: 1 пл., 141 847 KZT; выход: 1 пол., 5 500 KZT."
100000003154105100,peripheral,0.35,25,0.3874,"Выраженных признаков роли в доступной выборке нет. Вход: 1 пл., 60 000 KZT; выход: 7 пол., 338 000 KZT."
100000003157333100,terminal,0.55,18,0.3017,Получено 30 000 KZT от 1 плательщиков; исходящих переводов в выборке нет (колено 2).
100000003157679100,terminal,0.55,3,0.5643,Получено 541 000 KZT от 4 плательщиков; исходящих переводов в выборке нет (колено 3).
100000003158727100,terminal,0.55,11,0.5491,Получено 367 940 KZT от 3 плательщиков; исходящих переводов в выборке нет (колено 1).
100000003159641100,peripheral,0.35,2,0.5422,"Выраженных признаков роли в доступной выборке нет. Вход: 4 пл., 64 000 KZT; выход: 1 пол., 197 800 KZT."
100000003163256100,transit,0.6945,2,0.3928,"Наблюдаемый выход/вход 1.11. 0% исходящего объёма в дни притока или через 1–2 дня. Вход: 1 пл., 13 485 KZT; выход: 1 пол., 15 000 KZT."
100000003163886100,terminal,0.55,8,0.4048,Получено 500 000 KZT от 1 плательщиков; исходящих переводов в выборке нет (колено 3).
100000003164661100,terminal,0.55,28,0.3475,Получено 596 200 KZT от 1 плательщиков; исходящих переводов в выборке нет (колено 3).
100000003166017100,peripheral,0.2,9,0.2529,"Колено 4: исходящие переводы за пределом обхода неизвестны. Вход: 1 пл., 15 000 KZT; выход: 0 пол., 0 KZT."
100000003166755100,terminal,0.55,17,0.3583,Получено 24 010 KZT от 1 плательщиков; исходящих переводов в выборке нет (колено 2).
100000003171006100,terminal,0.55,3,0.4813,Получено 485 000 KZT от 2 плательщиков; исходящих переводов в выборке нет (колено 3).
100000003171587100,peripheral,0.35,14,0.4965,"Выраженных признаков роли в доступной выборке нет. Вход: 2 пл., 700 000 KZT; выход: 2 пол., 431 300 KZT."
100000003173783100,peripheral,0.2,12,0.2104,"Колено 4: исходящие переводы за пределом обхода неизвестны. Вход: 1 пл., 23 500 KZT; выход: 0 пол., 0 KZT."
100000003177533100,peripheral,0.2,14,0.2084,"Колено 4: исходящие переводы за пределом обхода неизвестны. Вход: 1 пл., 20 000 KZT; выход: 0 пол., 0 KZT."
100000003178549100,peripheral,0.35,20,0.3774,"Выраженных признаков роли в доступной выборке нет. Вход: 2 пл., 250 000 KZT; выход: 4 пол., 89 080 KZT."
100000003180305100,peripheral,0.2,4,0.3286,"Колено 4: исходящие переводы за пределом обхода неизвестны. Вход: 1 пл., 144 000 KZT; выход: 0 пол., 0 KZT."
100000003180820100,peripheral,0.2,3,0.2762,"Колено 4: исходящие переводы за пределом обхода неизвестны. Вход: 1 пл., 101 000 KZT; выход: 0 пол., 0 KZT."
100000003186579100,peripheral,0.2,10,0.2293,"Колено 4: исходящие переводы за пределом обхода неизвестны. Вход: 1 пл., 110 000 KZT; выход: 0 пол., 0 KZT."
100000003187359100,terminal,0.55,5,0.2948,Получено 19 072 KZT от 1 плательщиков; исходящих переводов в выборке нет (колено 1).
100000003188607100,peripheral,0.35,29,0.2947,"Выраженных признаков роли в доступной выборке нет. Вход: 1 пл., 18 000 KZT; выход: 1 пол., 5 000 KZT."
100000003190207100,peripheral,0.35,16,0.3981,"Выраженных признаков роли в доступной выборке нет. Вход: 1 пл., 5 000 KZT; выход: 1 пол., 377 000 KZT."
100000003191430100,terminal,0.55,2,0.3292,Получено 180 000 KZT от 1 плательщиков; исходящих переводов в выборке нет (колено 2).
100000003192220100,terminal,0.55,2,0.3123,Получено 60 000 KZT от 1 плательщиков; исходящих переводов в выборке нет (колено 2).
100000003192309100,peripheral,0.35,7,0.3299,"Выраженных признаков роли в доступной выборке нет. Вход: 1 пл., 17 200 KZT; выход: 1 пол., 213 000 KZT."
100000003194831100,peripheral,0.2,13,0.1942,"Колено 4: исходящие переводы за пределом обхода неизвестны. Вход: 1 пл., 6 265 KZT; выход: 0 пол., 0 KZT."
100000003199390100,peripheral,0.2,6,0.3358,"Колено 4: исходящие переводы за пределом обхода неизвестны. Вход: 1 пл., 260 000 KZT; выход: 0 пол., 0 KZT."
100000003200071100,peripheral,0.35,46,0.1268,"Выраженных признаков роли в доступной выборке нет. Вход: 0 пл., 0 KZT; выход: 1 пол., 30 000 KZT."
100000003204491100,peripheral,0.35,4,0.331,"Выраженных признаков роли в доступной выборке нет. Вход: 1 пл., 140 000 KZT; выход: 1 пол., 100 000 KZT."
100000003205210100,terminal,0.55,8,0.505,Получено 137 563 KZT от 1 плательщиков; исходящих переводов в выборке нет (колено 1).
100000003207060100,peripheral,0.2,4,0.2684,"Колено 4: исходящие переводы за пределом обхода неизвестны. Вход: 1 пл., 53 000 KZT; выход: 0 пол., 0 KZT."
100000003213473100,distributor,0.9374,4,0.5164,"Распределяет средства 11 получателям. Вход: 1 пл., 57 500 KZT; выход: 11 пол., 240 000 KZT."
100000003214786100,peripheral,0.2,4,0.2395,"Колено 4: исходящие переводы за пределом обхода неизвестны. Вход: 1 пл., 5 000 KZT; выход: 0 пол., 0 KZT."
100000003215448100,peripheral,0.35,10,0.3418,"Выраженных признаков роли в доступной выборке нет. Вход: 1 пл., 91 309 KZT; выход: 2 пол., 124 000 KZT."
100000003216073100,peripheral,0.35,14,0.3182,"Выраженных признаков роли в доступной выборке нет. Вход: 1 пл., 37 001 KZT; выход: 1 пол., 70 000 KZT."
100000003218308100,terminal,0.55,4,0.3466,Получено 11 165 KZT от 1 плательщиков; исходящих переводов в выборке нет (колено 3).
100000003219438100,terminal,0.55,21,0.3027,Получено 32 000 KZT от 1 плательщиков; исходящих переводов в выборке нет (колено 2).
100000003220685100,peripheral,0.2,6,0.3556,"Колено 4: исходящие переводы за пределом обхода неизвестны. Вход: 1 пл., 1 306 000 KZT; выход: 0 пол., 0 KZT."
100000003221384100,terminal,0.55,2,0.4651,Получено 511 200 KZT от 1 плательщиков; исходящих переводов в выборке нет (колено 2).
100000003221510100,peripheral,0.35,4,0.3956,"Выраженных признаков роли в доступной выборке нет. Вход: 1 пл., 24 000 KZT; выход: 2 пол., 120 000 KZT."
100000003230328100,peripheral,0.2,4,0.3311,"Колено 4: исходящие переводы за пределом обхода неизвестны. Вход: 3 пл., 26 572 KZT; выход: 0 пол., 0 KZT."
100000003230329100,peripheral,0.2,3,0.2773,"Колено 4: исходящие переводы за пределом обхода неизвестны. Вход: 1 пл., 110 000 KZT; выход: 0 пол., 0 KZT."
100000003232675100,peripheral,0.2,1,0.2661,"Колено 4: исходящие переводы за пределом обхода неизвестны. Вход: 1 пл., 44 000 KZT; выход: 0 пол., 0 KZT."
100000003235780100,terminal,0.55,4,0.3905,Получено 65 000 KZT от 2 плательщиков; исходящих переводов в выборке нет (колено 1).
100000003237045100,peripheral,0.35,2,0.3415,"Выраженных признаков роли в доступной выборке нет. Вход: 1 пл., 340 200 KZT; выход: 1 пол., 150 000 KZT."
100000003239379100,terminal,0.55,13,0.319,Получено 92 500 KZT от 1 плательщиков; исходящих переводов в выборке нет (колено 1).
100000003239859100,terminal,0.55,13,0.2944,Получено 18 600 KZT от 1 плательщиков; исходящих переводов в выборке нет (колено 1).
100000003241965100,terminal,0.55,9,0.2911,Получено 15 000 KZT от 1 плательщиков; исходящих переводов в выборке нет (колено 3).
100000003242289100,coordinator,0.89,20,0.6571,"Связи от 3 исходных клиентов; высокая посредническая роль. Вход: 3 пл., 550 791 KZT; выход: 23 пол., 2 377 741 KZT."
100000003242795100,terminal,0.55,6,0.4418,Получено 111 000 KZT от 1 плательщиков; исходящих переводов в выборке нет (колено 3).
100000003246024100,peripheral,0.35,4,0.3947,"Выраженных признаков роли в доступной выборке нет. Вход: 1 пл., 25 000 KZT; выход: 1 пол., 5 000 KZT."
100000003247600100,peripheral,0.2,1,0.2215,"Колено 4: исходящие переводы за пределом обхода неизвестны. Вход: 1 пл., 58 000 KZT; выход: 0 пол., 0 KZT."
100000003249054100,consolidator,0.95,1,0.5461,"Получает от 7 разных плательщиков; связи от 3 исходных клиентов. Вход: 7 пл., 99 700 KZT; выход: 1 пол., 15 000 KZT."
100000003252446100,peripheral,0.2,3,0.2291,"Колено 4: исходящие переводы за пределом обхода неизвестны. Вход: 1 пл., 108 600 KZT; выход: 0 пол., 0 KZT."
100000003254277100,transit,0.8374,4,0.4254,"Наблюдаемый выход/вход 0.91. 100% исходящего объёма в дни притока или через 1–2 дня. Вход: 1 пл., 49 200 KZT; выход: 1 пол., 44 997 KZT."
100000003254723100,terminal,0.55,17,0.5153,Получено 269 850 KZT от 1 плательщиков; исходящих переводов в выборке нет (колено 2).
100000003265158100,transit,0.8629,13,0.5982,"Наблюдаемый выход/вход 1.06. 100% исходящего объёма в дни притока или через 1–2 дня. Вход: 3 пл., 146 100 KZT; выход: 2 пол., 154 200 KZT."
100000003265658100,peripheral,0.2,49,0.036,"Выраженных признаков роли в доступной выборке нет. Вход: 0 пл., 0 KZT; выход: 0 пол., 0 KZT."
100000003270419100,terminal,0.55,32,0.3864,Получено 150 000 KZT от 1 плательщиков; исходящих переводов в выборке нет (колено 3).
100000003271151100,terminal,0.55,10,0.3239,Получено 127 294 KZT от 1 плательщиков; исходящих переводов в выборке нет (колено 3).
100000003275398100,peripheral,0.35,24,0.3349,"Выраженных признаков роли в доступной выборке нет. Вход: 1 пл., 300 000 KZT; выход: 1 пол., 20 000 KZT."
100000003278020100,terminal,0.55,1,0.33,Получено 190 000 KZT от 1 плательщиков; исходящих переводов в выборке нет (колено 2).
100000003284932100,terminal,0.55,8,0.4947,Получено 69 925 KZT от 1 плательщиков; исходящих переводов в выборке нет (колено 1).
100000003286537100,terminal,0.55,3,0.4636,Получено 153 000 KZT от 2 плательщиков; исходящих переводов в выборке нет (колено 3).
100000003289281100,peripheral,0.2,4,0.2169,"Колено 4: исходящие переводы за пределом обхода неизвестны. Вход: 1 пл., 40 000 KZT; выход: 0 пол., 0 KZT."
100000003289405100,terminal,0.55,8,0.3395,Получено 355 000 KZT от 1 плательщиков; исходящих переводов в выборке нет (колено 2).
100000003292191100,terminal,0.55,3,0.3219,Получено 112 000 KZT от 1 плательщиков; исходящих переводов в выборке нет (колено 3).
100000003292979100,terminal,0.55,8,0.4892,Получено 48 950 KZT от 1 плательщиков; исходящих переводов в выборке нет (колено 2).
100000003293377100,terminal,0.55,6,0.4296,Получено 50 000 KZT от 1 плательщиков; исходящих переводов в выборке нет (колено 3).
100000003299365100,transit,0.91,8,0.5743,"Наблюдаемый выход/вход 1.00. 100% исходящего объёма в дни притока или через 1–2 дня. Вход: 1 пл., 200 000 KZT; выход: 1 пол., 200 000 KZT."
100000003321423100,terminal,0.55,15,0.5002,Получено 100 000 KZT от 1 плательщиков; исходящих переводов в выборке нет (колено 2).
100000003321895100,peripheral,0.35,2,0.3569,"Выраженных признаков роли в доступной выборке нет. Вход: 1 пл., 24 000 KZT; выход: 2 пол., 553 830 KZT."
100000003336565100,terminal,0.55,5,0.2926,Получено 16 550 KZT от 1 плательщиков; исходящих переводов в выборке нет (колено 2).
100000003338583100,terminal,0.55,24,0.2968,Получено 21 765 KZT от 1 плательщиков; исходящих переводов в выборке нет (колено 3).
100000003345947100,peripheral,0.2,14,0.2253,"Колено 4: исходящие переводы за пределом обхода неизвестны. Вход: 1 пл., 79 500 KZT; выход: 0 пол., 0 KZT."
100000003349739100,peripheral,0.2,50,0.036,"Выраженных признаков роли в доступной выборке нет. Вход: 0 пл., 0 KZT; выход: 0 пол., 0 KZT."
100000003360542100,peripheral,0.35,15,0.5385,"Выраженных признаков роли в доступной выборке нет. Вход: 2 пл., 317 000 KZT; выход: 2 пол., 51 800 KZT."
100000003366154100,peripheral,0.35,8,0.5416,"Выраженных признаков роли в доступной выборке нет. Вход: 1 пл., 125 000 KZT; выход: 3 пол., 289 170 KZT."
100000003366471100,peripheral,0.35,10,0.4088,"Выраженных признаков роли в доступной выборке нет. Вход: 2 пл., 329 789 KZT; выход: 1 пол., 20 000 KZT."
100000003370425100,peripheral,0.2,1,0.3524,"Колено 4: исходящие переводы за пределом обхода неизвестны. Вход: 1 пл., 20 000 KZT; выход: 0 пол., 0 KZT."
100000003377795100,terminal,0.55,11,0.2795,Получено 7 000 KZT от 1 плательщиков; исходящих переводов в выборке нет (колено 1).
100000003390036100,peripheral,0.35,15,0.5367,"Выраженных признаков роли в доступной выборке нет. Вход: 2 пл., 231 300 KZT; выход: 2 пол., 62 000 KZT."
100000003404627100,terminal,0.55,1,0.5717,Получено 877 700 KZT от 4 плательщиков; исходящих переводов в выборке нет (колено 1).
100000003406094100,peripheral,0.35,2,0.4018,"Выраженных признаков роли в доступной выборке нет. Вход: 1 пл., 70 000 KZT; выход: 3 пол., 47 000 KZT."
100000003447411100,peripheral,0.2,14,0.2417,"Колено 4: исходящие переводы за пределом обхода неизвестны. Вход: 1 пл., 302 000 KZT; выход: 0 пол., 0 KZT."
100000003448713100,peripheral,0.2,14,0.2401,"Колено 4: исходящие переводы за пределом обхода неизвестны. Вход: 1 пл., 266 750 KZT; выход: 0 пол., 0 KZT."
100000003449074100,terminal,0.55,1,0.2849,Получено 10 000 KZT от 1 плательщиков; исходящих переводов в выборке нет (колено 1).
100000003457710100,peripheral,0.35,6,0.4803,"Выраженных признаков роли в доступной выборке нет. Вход: 1 пл., 326 555 KZT; выход: 1 пол., 1 306 000 KZT."
100000003470579100,peripheral,0.2,27,0.2437,"Колено 4: исходящие переводы за пределом обхода неизвестны. Вход: 1 пл., 357 000 KZT; выход: 0 пол., 0 KZT."
100000003476560100,terminal,0.55,8,0.4896,Получено 50 000 KZT от 1 плательщиков; исходящих переводов в выборке нет (колено 1).
100000003481025100,peripheral,0.2,1,0.1987,"Колено 4: исходящие переводы за пределом обхода неизвестны. Вход: 1 пл., 9 000 KZT; выход: 0 пол., 0 KZT."
100000003484058100,peripheral,0.35,9,0.3198,"Выраженных признаков роли в доступной выборке нет. Вход: 1 пл., 110 000 KZT; выход: 1 пол., 6 000 KZT."
100000003486846100,peripheral,0.2,2,0.2121,"Колено 4: исходящие переводы за пределом обхода неизвестны. Вход: 1 пл., 27 000 KZT; выход: 0 пол., 0 KZT."
100000003486970100,terminal,0.55,6,0.4464,Получено 150 000 KZT от 1 плательщиков; исходящих переводов в выборке нет (колено 3).
100000003497735100,terminal,0.55,16,0.3236,Получено 125 000 KZT от 1 плательщиков; исходящих переводов в выборке нет (колено 3).
100000003500764100,peripheral,0.2,20,0.305,"Колено 4: исходящие переводы за пределом обхода неизвестны. Вход: 1 пл., 21 000 KZT; выход: 0 пол., 0 KZT."
100000003509750100,transit,0.8392,18,0.4088,"Наблюдаемый выход/вход 0.95. 74% исходящего объёма в дни притока или через 1–2 дня. Вход: 3 пл., 82 290 KZT; выход: 3 пол., 78 400 KZT."
100000003528285100,peripheral,0.35,10,0.4547,"Выраженных признаков роли в доступной выборке нет. Вход: 4 пл., 118 870 KZT; выход: 4 пол., 548 000 KZT."
100000003557488100,peripheral,0.35,30,0.3615,"Выраженных признаков роли в доступной выборке нет. Вход: 1 пл., 664 992 KZT; выход: 2 пол., 138 000 KZT."
100000003561031100,peripheral,0.35,10,0.2916,"Выраженных признаков роли в доступной выборке нет. Вход: 1 пл., 13 300 KZT; выход: 1 пол., 5 000 KZT."
100000003567087100,terminal,0.55,5,0.3129,Получено 62 115 KZT от 1 плательщиков; исходящих переводов в выборке нет (колено 1).
100000003568904100,peripheral,0.2,1,0.2674,"Колено 4: исходящие переводы за пределом обхода неизвестны. Вход: 1 пл., 49 000 KZT; выход: 0 пол., 0 KZT."
100000003574895100,peripheral,0.35,4,0.3663,"Выраженных признаков роли в доступной выборке нет. Вход: 1 пл., 27 968 KZT; выход: 1 пол., 20 000 KZT."
100000003581109100,terminal,0.55,4,0.3672,Получено 42 750 KZT от 1 плательщиков; исходящих переводов в выборке нет (колено 3).
100000003582677100,peripheral,0.35,1,0.3542,"Выраженных признаков роли в доступной выборке нет. Вход: 2 пл., 29 757 KZT; выход: 4 пол., 56 000 KZT."
100000003589877100,peripheral,0.35,3,0.4525,"Выраженных признаков роли в доступной выборке нет. Вход: 2 пл., 176 000 KZT; выход: 6 пол., 416 129 KZT."
100000003594472100,terminal,0.55,30,0.2955,Получено 20 000 KZT от 1 плательщиков; исходящих переводов в выборке нет (колено 3).
100000003603979100,terminal,0.55,24,0.3278,Получено 165 000 KZT от 1 плательщиков; исходящих переводов в выборке нет (колено 2).
100000003610172100,terminal,0.55,6,0.4347,Получено 70 000 KZT от 1 плательщиков; исходящих переводов в выборке нет (колено 3).
100000003616818100,peripheral,0.35,24,0.3703,"Выраженных признаков роли в доступной выборке нет. Вход: 3 пл., 78 000 KZT; выход: 3 пол., 240 100 KZT."
100000003617552100,terminal,0.55,28,0.2989,Получено 25 000 KZT от 1 плательщиков; исходящих переводов в выборке нет (колено 2).
100000003622955100,peripheral,0.2,15,0.2529,"Колено 4: исходящие переводы за пределом обхода неизвестны. Вход: 1 пл., 15 000 KZT; выход: 0 пол., 0 KZT."
100000003626268100,peripheral,0.2,10,0.1915,"Колено 4: исходящие переводы за пределом обхода неизвестны. Вход: 1 пл., 5 000 KZT; выход: 0 пол., 0 KZT."
100000003631015100,peripheral,0.2,4,0.2881,"Колено 4: исходящие переводы за пределом обхода неизвестны. Вход: 1 пл., 266 000 KZT; выход: 0 пол., 0 KZT."
100000003632533100,peripheral,0.2,6,0.2959,"Колено 4: исходящие переводы за пределом обхода неизвестны. Вход: 1 пл., 10 000 KZT; выход: 0 пол., 0 KZT."
100000003635170100,transit,0.8625,15,0.6189,"Наблюдаемый выход/вход 0.94. 100% исходящего объёма в дни притока или через 1–2 дня. Вход: 3 пл., 268 500 KZT; выход: 4 пол., 253 500 KZT."
100000003635660100,terminal,0.55,4,0.3547,Получено 18 985 KZT от 1 плательщиков; исходящих переводов в выборке нет (колено 3).
100000003636627100,peripheral,0.35,18,0.315,"Выраженных признаков роли в доступной выборке нет. Вход: 1 пл., 77 000 KZT; выход: 1 пол., 10 000 KZT."
100000003646145100,peripheral,0.2,19,0.1915,"Колено 4: исходящие переводы за пределом обхода неизвестны. Вход: 1 пл., 5 000 KZT; выход: 0 пол., 0 KZT."
100000003647799100,terminal,0.55,6,0.4402,Получено 100 000 KZT от 1 плательщиков; исходящих переводов в выборке нет (колено 3).
100000003650146100,terminal,0.55,2,0.3505,Получено 14 400 KZT от 1 плательщиков; исходящих переводов в выборке нет (колено 3).
100000003664994100,peripheral,0.2,17,0.243,"Колено 4: исходящие переводы за пределом обхода неизвестны. Вход: 1 пл., 338 271 KZT; выход: 0 пол., 0 KZT."
100000003671721100,terminal,0.55,11,0.2743,Получено 5 000 KZT от 1 плательщиков; исходящих переводов в выборке нет (колено 3).
100000003677936100,peripheral,0.35,10,0.3149,"Выраженных признаков роли в доступной выборке нет. Вход: 1 пл., 71 000 KZT; выход: 1 пол., 13 000 KZT."
100000003684369100,coordinator,1,8,0.3727,"Связи от 7 исходных клиентов; высокая посредническая роль. Вход: 24 пл., 3 848 436 KZT; выход: 62 пол., 8 588 655 KZT."
100000003692843100,peripheral,0.2,2,0.2481,"Колено 4: исходящие переводы за пределом обхода неизвестны. Вход: 1 пл., 510 000 KZT; выход: 0 пол., 0 KZT."
100000003696422100,peripheral,0.2,30,0.2302,"Колено 4: исходящие переводы за пределом обхода неизвестны. Вход: 1 пл., 118 000 KZT; выход: 0 пол., 0 KZT."
100000003701161100,peripheral,0.35,22,0.5278,"Выраженных признаков роли в доступной выборке нет. Вход: 4 пл., 1 527 103 KZT; выход: 3 пол., 349 000 KZT."
100000003711830100,terminal,0.55,10,0.3096,Получено 50 000 KZT от 1 плательщиков; исходящих переводов в выборке нет (колено 3).
100000003713616100,terminal,0.55,2,0.352,Получено 15 893 KZT от 1 плательщиков; исходящих переводов в выборке нет (колено 1).
100000003718221100,peripheral,0.35,22,0.4448,"Выраженных признаков роли в доступной выборке нет. Вход: 2 пл., 350 000 KZT; выход: 4 пол., 423 500 KZT."
100000003718715100,peripheral,0.2,17,0.2552,"Колено 4: исходящие переводы за пределом обхода неизвестны. Вход: 1 пл., 915 000 KZT; выход: 0 пол., 0 KZT."
100000003724440100,terminal,0.55,1,0.5065,Получено 50 000 KZT от 2 плательщиков; исходящих переводов в выборке нет (колено 2).
100000003736419100,peripheral,0.35,4,0.3607,"Выраженных признаков роли в доступной выборке нет. Вход: 1 пл., 23 300 KZT; выход: 1 пол., 10 000 KZT."
100000003739818100,terminal,0.55,8,0.4916,Получено 57 293 KZT от 1 плательщиков; исходящих переводов в выборке нет (колено 1).
100000003741418100,consolidator,1,1,0.5746,"Получает от 9 разных плательщиков; связи от 3 исходных клиентов. Вход: 9 пл., 151 900 KZT; выход: 3 пол., 39 920 KZT."
100000003747133100,consolidator,0.87,1,0.5565,"Получает от 5 разных плательщиков; связи от 3 исходных клиентов. Вход: 5 пл., 237 068 KZT; выход: 2 пол., 250 000 KZT."
100000003760160100,terminal,0.55,6,0.4408,Получено 104 470 KZT от 1 плательщиков; исходящих переводов в выборке нет (колено 3).
100000003770083100,peripheral,0.2,51,0.036,"Выраженных признаков роли в доступной выборке нет. Вход: 0 пл., 0 KZT; выход: 0 пол., 0 KZT."
100000003781406100,terminal,0.55,13,0.3679,Получено 45 000 KZT от 1 плательщиков; исходящих переводов в выборке нет (колено 3).
100000003782913100,peripheral,0.2,9,0.2366,"Колено 4: исходящие переводы за пределом обхода неизвестны. Вход: 1 пл., 200 000 KZT; выход: 0 пол., 0 KZT."
100000003786516100,peripheral,0.2,1,0.2875,"Колено 4: исходящие переводы за пределом обхода неизвестны. Вход: 1 пл., 5 000 KZT; выход: 0 пол., 0 KZT."
100000003792647100,peripheral,0.2,6,0.2932,"Колено 4: исходящие переводы за пределом обхода неизвестны. Вход: 1 пл., 8 000 KZT; выход: 0 пол., 0 KZT."
100000003795588100,terminal,0.55,4,0.3414,Получено 400 000 KZT от 1 плательщиков; исходящих переводов в выборке нет (колено 3).
100000003796063100,distributor,1,1,0.5162,"Распределяет средства 15 получателям. Вход: 1 пл., 35 000 KZT; выход: 15 пол., 959 150 KZT."
100000003798151100,terminal,0.55,2,0.3393,Получено 350 000 KZT от 1 плательщиков; исходящих переводов в выборке нет (колено 2).
100000003809101100,peripheral,0.35,16,0.5336,"Выраженных признаков роли в доступной выборке нет. Вход: 2 пл., 166 050 KZT; выход: 2 пол., 55 200 KZT."
100000003814002100,terminal,0.55,6,0.4217,Получено 30 000 KZT от 1 плательщиков; исходящих переводов в выборке нет (колено 3).
100000003819173100,peripheral,0.2,14,0.2326,"Колено 4: исходящие переводы за пределом обхода неизвестны. Вход: 1 пл., 143 777 KZT; выход: 0 пол., 0 KZT."
100000003823811100,peripheral,0.35,16,0.4607,"Выраженных признаков роли в доступной выборке нет. Вход: 1 пл., 30 000 KZT; выход: 3 пол., 66 130 KZT."
100000003824464100,terminal,0.55,22,0.3308,Получено 200 000 KZT от 1 плательщиков; исходящих переводов в выборке нет (колено 2).
100000003831201100,terminal,0.55,4,0.3663,Получено 40 500 KZT от 1 плательщиков; исходящих переводов в выборке нет (колено 2).
100000003831324100,terminal,0.55,11,0.4739,Получено 300 000 KZT от 2 плательщиков; исходящих переводов в выборке нет (колено 1).
100000003832231100,terminal,0.55,8,0.4841,Получено 35 000 KZT от 1 плательщиков; исходящих переводов в выборке нет (колено 1).
100000003834495100,peripheral,0.35,4,0.4265,"Выраженных признаков роли в доступной выборке нет. Вход: 3 пл., 602 441 KZT; выход: 1 пол., 20 000 KZT."
100000003835149100,peripheral,0.35,23,0.3886,"Выраженных признаков роли в доступной выборке нет. Вход: 1 пл., 248 500 KZT; выход: 2 пол., 4 600 440 KZT."
100000003838587100,peripheral,0.2,9,0.1937,"Колено 4: исходящие переводы за пределом обхода неизвестны. Вход: 1 пл., 6 000 KZT; выход: 0 пол., 0 KZT."
100000003843844100,peripheral,0.35,1,0.4519,"Выраженных признаков роли в доступной выборке нет. Вход: 1 пл., 16 680 KZT; выход: 1 пол., 238 000 KZT."
100000003854444100,distributor,1,16,0.5257,"Распределяет средства 14 получателям. Вход: 1 пл., 210 000 KZT; выход: 14 пол., 2 322 909 KZT."
100000003865939100,terminal,0.55,47,0.317,Получено 81 465 KZT от 1 плательщиков; исходящих переводов в выборке нет (колено 1).
100000003873332100,peripheral,0.35,16,0.3834,"Выраженных признаков роли в доступной выборке нет. Вход: 1 пл., 23 468 KZT; выход: 4 пол., 286 000 KZT."
100000003877908100,terminal,0.55,8,0.4861,Получено 40 000 KZT от 1 плательщиков; исходящих переводов в выборке нет (колено 1).
100000003880331100,distributor,1,14,0.5283,"Распределяет средства 16 получателям. Вход: 1 пл., 100 000 KZT; выход: 16 пол., 3 904 908 KZT."
100000003886323100,peripheral,0.35,2,0.3873,"Выраженных признаков роли в доступной выборке нет. Вход: 2 пл., 78 168 KZT; выход: 1 пол., 7 650 KZT."
100000003888197100,terminal,0.55,6,0.4373,Получено 83 167 KZT от 1 плательщиков; исходящих переводов в выборке нет (колено 3).
100000003888271100,peripheral,0.35,36,0.3143,"Выраженных признаков роли в доступной выборке нет. Вход: 1 пл., 12 177 KZT; выход: 2 пол., 25 590 KZT."
100000003888527100,terminal,0.55,17,0.3017,Получено 30 000 KZT от 1 плательщиков; исходящих переводов в выборке нет (колено 3).
100000003896956100,peripheral,0.35,2,0.3623,"Выраженных признаков роли в доступной выборке нет. Вход: 1 пл., 10 000 KZT; выход: 1 пол., 27 000 KZT."
100000003899325100,terminal,0.55,14,0.3096,Получено 50 120 KZT от 1 плательщиков; исходящих переводов в выборке нет (колено 3).
100000003899899100,peripheral,0.35,2,0.4022,"Выраженных признаков роли в доступной выборке нет. Вход: 2 пл., 218 500 KZT; выход: 1 пол., 10 000 KZT."
100000003900547100,terminal,0.55,2,0.3581,Получено 23 700 KZT от 1 плательщиков; исходящих переводов в выборке нет (колено 1).
100000003904497100,peripheral,0.2,3,0.2479,"Колено 4: исходящие переводы за пределом обхода неизвестны. Вход: 1 пл., 10 000 KZT; выход: 0 пол., 0 KZT."
100000003917461100,peripheral,0.35,13,0.3958,"Выраженных признаков роли в доступной выборке нет. Вход: 1 пл., 10 000 KZT; выход: 2 пол., 140 000 KZT."
100000003920950100,terminal,0.55,10,0.3381,Получено 323 290 KZT от 1 плательщиков; исходящих переводов в выборке нет (колено 3).
100000003922499100,terminal,0.55,13,0.3096,Получено 50 000 KZT от 1 плательщиков; исходящих переводов в выборке нет (колено 2).
100000003923946100,peripheral,0.35,11,0.4407,"Выраженных признаков роли в доступной выборке нет. Вход: 1 пл., 282 000 KZT; выход: 4 пол., 675 000 KZT."
100000003927792100,terminal,0.55,2,0.409,Получено 13 067 KZT от 1 плательщиков; исходящих переводов в выборке нет (колено 2).
100000003934614100,peripheral,0.35,21,0.31,"Выраженных признаков роли в доступной выборке нет. Вход: 2 пл., 17 000 KZT; выход: 1 пол., 11 500 KZT."
100000003942602100,transit,0.91,5,0.3653,"Наблюдаемый выход/вход 1.00. 100% исходящего объёма в дни притока или через 1–2 дня. Вход: 1 пл., 30 000 KZT; выход: 1 пол., 30 000 KZT."
100000003943247100,terminal,0.55,4,0.3661,Получено 40 000 KZT от 1 плательщиков; исходящих переводов в выборке нет (колено 3).
100000003943483100,terminal,0.55,13,0.3449,Получено 10 000 KZT от 1 плательщиков; исходящих переводов в выборке нет (колено 2).
100000003946524100,transit,0.7201,8,0.5739,"Наблюдаемый выход/вход 1.08. 0% исходящего объёма в дни притока или через 1–2 дня. Вход: 2 пл., 133 757 KZT; выход: 2 пол., 144 750 KZT."
100000003950749100,peripheral,0.2,2,0.1956,"Колено 4: исходящие переводы за пределом обхода неизвестны. Вход: 1 пл., 7 000 KZT; выход: 0 пол., 0 KZT."
100000003951827100,peripheral,0.35,1,0.3686,"Выраженных признаков роли в доступной выборке нет. Вход: 1 пл., 9 000 KZT; выход: 2 пол., 17 000 KZT."
100000003962994100,terminal,0.55,2,0.2849,Получено 10 000 KZT от 1 плательщиков; исходящих переводов в выборке нет (колено 3).
100000003964910100,terminal,0.55,20,0.3724,Получено 1 000 000 KZT от 2 плательщиков; исходящих переводов в выборке нет (колено 3).
100000003968044100,peripheral,0.35,4,0.4192,"Выраженных признаков роли в доступной выборке нет. Вход: 1 пл., 40 000 KZT; выход: 3 пол., 311 000 KZT."
100000003970394100,terminal,0.55,13,0.3177,Получено 85 000 KZT от 1 плательщиков; исходящих переводов в выборке нет (колено 1).
100000003971049100,terminal,0.55,1,0.3713,Получено 55 900 KZT от 1 плательщиков; исходящих переводов в выборке нет (колено 2).
100000003975102100,peripheral,0.35,2,0.1761,"Выраженных признаков роли в доступной выборке нет. Вход: 1 пл., 25 650 KZT; выход: 2 пол., 88 500 KZT."
100000003977183100,peripheral,0.35,11,0.2007,"Выраженных признаков роли в доступной выборке нет. Вход: 2 пл., 123 800 KZT; выход: 4 пол., 766 000 KZT."
100000003980083100,terminal,0.55,46,0.3017,Получено 30 000 KZT от 1 плательщиков; исходящих переводов в выборке нет (колено 1).
100000003985389100,peripheral,0.2,14,0.3418,"Колено 4: исходящие переводы за пределом обхода неизвестны. Вход: 1 пл., 422 698 KZT; выход: 0 пол., 0 KZT."
100000003986141100,terminal,0.55,6,0.2752,Получено 5 286 KZT от 1 плательщиков; исходящих переводов в выборке нет (колено 3).
100000003988112100,peripheral,0.35,16,0.4439,"Выраженных признаков роли в доступной выборке нет. Вход: 1 пл., 92 000 KZT; выход: 1 пол., 64 000 KZT."
100000003989033100,peripheral,0.2,13,0.2443,"Колено 4: исходящие переводы за пределом обхода неизвестны. Вход: 1 пл., 373 400 KZT; выход: 0 пол., 0 KZT."
100000003996562100,terminal,0.55,17,0.2809,Получено 7 700 KZT от 1 плательщиков; исходящих переводов в выборке нет (колено 3).
100000004004621100,terminal,0.55,1,0.5248,Получено 75 389 KZT от 3 плательщиков; исходящих переводов в выборке нет (колено 1).
100000004005964100,peripheral,0.35,24,0.3607,"Выраженных признаков роли в доступной выборке нет. Вход: 3 пл., 97 900 KZT; выход: 3 пол., 72 000 KZT."
100000004006327100,peripheral,0.2,3,0.2416,"Колено 4: исходящие переводы за пределом обхода неизвестны. Вход: 1 пл., 300 000 KZT; выход: 0 пол., 0 KZT."
100000004007116100,peripheral,0.35,24,0.1764,"Выраженных признаков роли в доступной выборке нет. Вход: 3 пл., 764 704 KZT; выход: 4 пол., 148 000 KZT."
100000004007197100,terminal,0.55,24,0.285,Получено 10 048 KZT от 1 плательщиков; исходящих переводов в выборке нет (колено 3).
100000004013952100,peripheral,0.2,4,0.1926,"Колено 4: исходящие переводы за пределом обхода неизвестны. Вход: 1 пл., 5 500 KZT; выход: 0 пол., 0 KZT."
100000004015047100,consolidator,1,11,0.6521,"Получает от 9 разных плательщиков; связи от 8 исходных клиентов. Вход: 9 пл., 919 104 KZT; выход: 1 пол., 69 195 KZT."
100000004017410100,peripheral,0.35,21,0.4008,"Выраженных признаков роли в доступной выборке нет. Вход: 2 пл., 193 650 KZT; выход: 5 пол., 1 330 915 KZT."
100000004019056100,peripheral,0.2,1,0.2676,"Колено 4: исходящие переводы за пределом обхода неизвестны. Вход: 1 пл., 50 000 KZT; выход: 0 пол., 0 KZT."
100000004019124100,peripheral,0.35,2,0.2337,"Выраженных признаков роли в доступной выборке нет. Вход: 3 пл., 193 000 KZT; выход: 0 пол., 0 KZT."
100000004021459100,peripheral,0.2,52,0.036,"Выраженных признаков роли в доступной выборке нет. Вход: 0 пл., 0 KZT; выход: 0 пол., 0 KZT."
100000004030553100,peripheral,0.2,14,0.2238,"Колено 4: исходящие переводы за пределом обхода неизвестны. Вход: 1 пл., 70 000 KZT; выход: 0 пол., 0 KZT."
100000004035925100,peripheral,0.2,2,0.2576,"Колено 4: исходящие переводы за пределом обхода неизвестны. Вход: 1 пл., 1 111 588 KZT; выход: 0 пол., 0 KZT."
100000004041163100,peripheral,0.35,2,0.2446,"Выраженных признаков роли в доступной выборке нет. Вход: 1 пл., 50 000 KZT; выход: 2 пол., 866 000 KZT."
100000004041294100,peripheral,0.2,26,0.207,"Колено 4: исходящие переводы за пределом обхода неизвестны. Вход: 1 пл., 17 800 KZT; выход: 0 пол., 0 KZT."
100000004047887100,peripheral,0.2,6,0.3094,"Колено 4: исходящие переводы за пределом обхода неизвестны. Вход: 1 пл., 30 000 KZT; выход: 0 пол., 0 KZT."
100000004049912100,peripheral,0.2,16,0.1999,"Колено 4: исходящие переводы за пределом обхода неизвестны. Вход: 1 пл., 10 000 KZT; выход: 0 пол., 0 KZT."
100000004058740100,terminal,0.55,5,0.3017,Получено 30 000 KZT от 1 плательщиков; исходящих переводов в выборке нет (колено 1).
100000004064431100,peripheral,0.35,24,0.3015,"Выраженных признаков роли в доступной выборке нет. Вход: 1 пл., 26 000 KZT; выход: 1 пол., 10 000 KZT."
100000004066370100,peripheral,0.2,19,0.2229,"Колено 4: исходящие переводы за пределом обхода неизвестны. Вход: 1 пл., 65 000 KZT; выход: 0 пол., 0 KZT."
100000004066647100,terminal,0.55,16,0.3099,Получено 51 000 KZT от 1 плательщиков; исходящих переводов в выборке нет (колено 3).
100000004070318100,coordinator,0.89,1,0.5955,"Связи от 2 исходных клиентов; высокая посредническая роль. Вход: 4 пл., 207 247 KZT; выход: 19 пол., 551 860 KZT."
100000004070530100,peripheral,0.2,6,0.3044,"Колено 4: исходящие переводы за пределом обхода неизвестны. Вход: 1 пл., 20 000 KZT; выход: 0 пол., 0 KZT."
100000004071070100,peripheral,0.35,10,0.3776,"Выраженных признаков роли в доступной выборке нет. Вход: 2 пл., 41 000 KZT; выход: 1 пол., 6 000 KZT."
100000004071080100,consolidator,0.99,10,0.5158,"Получает от 9 разных плательщиков; связи от 2 исходных клиентов. Вход: 9 пл., 238 600 KZT; выход: 2 пол., 46 500 KZT."
100000004071444100,peripheral,0.35,4,0.3366,"Выраженных признаков роли в доступной выборке нет. Вход: 1 пл., 247 350 KZT; выход: 1 пол., 100 000 KZT."
100000004076740100,peripheral,0.35,21,0.3892,"Выраженных признаков роли в доступной выборке нет. Вход: 3 пл., 93 250 KZT; выход: 6 пол., 125 000 KZT."
100000004077081100,peripheral,0.35,1,0.4997,"Выраженных признаков роли в доступной выборке нет. Вход: 1 пл., 140 000 KZT; выход: 4 пол., 615 000 KZT."
100000004094958100,transit,0.8882,38,0.3673,"Наблюдаемый выход/вход 1.03. 100% исходящего объёма в дни притока или через 1–2 дня. Вход: 1 пл., 39 000 KZT; выход: 1 пол., 40 000 KZT."
100000004096559100,terminal,0.55,29,0.3083,Получено 46 200 KZT от 1 плательщиков; исходящих переводов в выборке нет (колено 3).
100000004097972100,peripheral,0.35,4,0.3939,"Выраженных признаков роли в доступной выборке нет. Вход: 1 пл., 118 878 KZT; выход: 2 пол., 10 000 KZT."
100000004099450100,terminal,0.55,10,0.3022,Получено 31 000 KZT от 1 плательщиков; исходящих переводов в выборке нет (колено 3).
100000004105288100,terminal,0.55,8,0.5288,Получено 215 000 KZT от 2 плательщиков; исходящих переводов в выборке нет (колено 1).
100000004107228100,peripheral,0.2,10,0.2395,"Колено 4: исходящие переводы за пределом обхода неизвестны. Вход: 1 пл., 5 000 KZT; выход: 0 пол., 0 KZT."
100000004114962100,terminal,0.55,6,0.4648,Получено 165 000 KZT от 2 плательщиков; исходящих переводов в выборке нет (колено 3).
100000004130144100,terminal,0.55,11,0.3308,Получено 200 000 KZT от 1 плательщиков; исходящих переводов в выборке нет (колено 1).
100000004134060100,terminal,0.55,3,0.4982,Получено 88 179 KZT от 1 плательщиков; исходящих переводов в выборке нет (колено 2).
100000004135268100,transit,0.7282,40,0.4315,"Наблюдаемый выход/вход 0.81. 85% исходящего объёма в дни притока или через 1–2 дня. Вход: 2 пл., 1 239 000 KZT; выход: 3 пол., 1 000 200 KZT."
100000004140487100,distributor,0.9026,1,0.4538,"Распределяет средства 10 получателям. Вход: 1 пл., 24 510 KZT; выход: 10 пол., 262 600 KZT."
100000004140994100,terminal,0.55,7,0.2945,Получено 18 650 KZT от 1 плательщиков; исходящих переводов в выборке нет (колено 3).
100000004144536100,terminal,0.55,24,0.3664,Получено 168 000 KZT от 4 плательщиков; исходящих переводов в выборке нет (колено 1).
100000004150593100,distributor,0.9437,2,0.5969,"Распределяет средства 11 получателям. Вход: 1 пл., 57 000 KZT; выход: 11 пол., 871 165 KZT."
100000004156082100,coordinator,1,2,0.7572,"Связи от 4 исходных клиентов; высокая посредническая роль. Вход: 5 пл., 377 366 KZT; выход: 26 пол., 2 319 556 KZT."
100000004158362100,terminal,0.55,1,0.3477,Получено 12 000 KZT от 1 плательщиков; исходящих переводов в выборке нет (колено 2).
100000004159526100,peripheral,0.35,9,0.5042,"Выраженных признаков роли в доступной выборке нет. Вход: 4 пл., 275 037 KZT; выход: 4 пол., 68 000 KZT."
100000004160650100,distributor,0.9149,24,0.4772,"Распределяет средства 10 получателям. Вход: 2 пл., 75 100 KZT; выход: 10 пол., 1 489 827 KZT."
100000004167082100,peripheral,0.2,1,0.2514,"Колено 4: исходящие переводы за пределом обхода неизвестны. Вход: 1 пл., 13 300 KZT; выход: 0 пол., 0 KZT."
100000004174835100,peripheral,0.2,53,0.036,"Выраженных признаков роли в доступной выборке нет. Вход: 0 пл., 0 KZT; выход: 0 пол., 0 KZT."
100000004177936100,peripheral,0.2,10,0.1999,"Колено 4: исходящие переводы за пределом обхода неизвестны. Вход: 1 пл., 10 000 KZT; выход: 0 пол., 0 KZT."
100000004180097100,peripheral,0.35,25,0.3661,"Выраженных признаков роли в доступной выборке нет. Вход: 3 пл., 104 854 KZT; выход: 3 пол., 47 800 KZT."
100000004183610100,peripheral,0.35,17,0.4118,"Выраженных признаков роли в доступной выборке нет. Вход: 1 пл., 22 000 KZT; выход: 1 пол., 915 000 KZT."
100000004184158100,terminal,0.55,4,0.3311,Получено 203 805 KZT от 1 плательщиков; исходящих переводов в выборке нет (колено 3).
100000004185681100,terminal,0.55,17,0.2849,Получено 10 000 KZT от 1 плательщиков; исходящих переводов в выборке нет (колено 3).
100000004186824100,peripheral,0.35,2,0.4125,"Выраженных признаков роли в доступной выборке нет. Вход: 2 пл., 451 700 KZT; выход: 1 пол., 7 000 KZT."
100000004188160100,coordinator,0.85,2,0.5953,"Связи от 3 исходных клиентов; высокая посредническая роль. Вход: 2 пл., 87 862 KZT; выход: 5 пол., 133 846 KZT."
100000004192107100,terminal,0.55,19,0.3589,Получено 25 000 KZT от 1 плательщиков; исходящих переводов в выборке нет (колено 2).
100000004192865100,terminal,0.55,28,0.314,Получено 66 666 KZT от 1 плательщиков; исходящих переводов в выборке нет (колено 2).
100000004193835100,peripheral,0.35,2,0.2193,"Выраженных признаков роли в доступной выборке нет. Вход: 1 пл., 47 000 KZT; выход: 1 пол., 5 000 KZT."
100000004200745100,peripheral,0.2,13,0.2793,"Колено 4: исходящие переводы за пределом обхода неизвестны. Вход: 1 пл., 130 000 KZT; выход: 0 пол., 0 KZT."
100000004206046100,terminal,0.55,2,0.3465,Получено 11 075 KZT от 1 плательщиков; исходящих переводов в выборке нет (колено 1).
100000004209339100,peripheral,0.35,15,0.5299,"Выраженных признаков роли в доступной выборке нет. Вход: 1 пл., 138 500 KZT; выход: 2 пол., 238 500 KZT."
100000004213658100,terminal,0.55,5,0.2992,Получено 25 347 KZT от 1 плательщиков; исходящих переводов в выборке нет (колено 1).
100000004217419100,peripheral,0.35,10,0.3931,"Выраженных признаков роли в доступной выборке нет. Вход: 2 пл., 118 200 KZT; выход: 1 пол., 7 700 KZT."
100000004218576100,terminal,0.55,5,0.2996,Получено 26 144 KZT от 1 плательщиков; исходящих переводов в выборке нет (колено 1).
100000004221668100,peripheral,0.35,11,0.403,"Выраженных признаков роли в доступной выборке нет. Вход: 4 пл., 1 128 300 KZT; выход: 3 пол., 731 440 KZT."
100000004222274100,peripheral,0.2,1,0.2053,"Колено 4: исходящие переводы за пределом обхода неизвестны. Вход: 1 пл., 15 500 KZT; выход: 0 пол., 0 KZT."
100000004225615100,terminal,0.55,3,0.3185,Получено 90 000 KZT от 1 плательщиков; исходящих переводов в выборке нет (колено 2).
100000004226848100,terminal,0.55,8,0.5171,Получено 301 866 KZT от 1 плательщиков; исходящих переводов в выборке нет (колено 1).
100000004232712100,peripheral,0.2,6,0.2987,"Колено 4: исходящие переводы за пределом обхода неизвестны. Вход: 1 пл., 12 500 KZT; выход: 0 пол., 0 KZT."
100000004235471100,peripheral,0.2,6,0.3313,"Колено 4: исходящие переводы за пределом обхода неизвестны. Вход: 1 пл., 180 000 KZT; выход: 0 пол., 0 KZT."
100000004241142100,peripheral,0.2,4,0.2601,"Колено 4: исходящие переводы за пределом обхода неизвестны. Вход: 1 пл., 27 102 KZT; выход: 0 пол., 0 KZT."
100000004254434100,terminal,0.55,5,0.3078,Получено 44 445 KZT от 1 плательщиков; исходящих переводов в выборке нет (колено 1).
100000004257714100,terminal,0.55,7,0.3102,Получено 52 220 KZT от 1 плательщиков; исходящих переводов в выборке нет (колено 3).
100000004260869100,peripheral,0.2,2,0.1999,"Колено 4: исходящие переводы за пределом обхода неизвестны. Вход: 1 пл., 10 000 KZT; выход: 0 пол., 0 KZT."
100000004261340100,peripheral,0.2,1,0.2673,"Колено 4: исходящие переводы за пределом обхода неизвестны. Вход: 1 пл., 48 500 KZT; выход: 0 пол., 0 KZT."
100000004263867100,peripheral,0.2,12,0.1987,"Колено 4: исходящие переводы за пределом обхода неизвестны. Вход: 1 пл., 9 000 KZT; выход: 0 пол., 0 KZT."
100000004265639100,peripheral,0.2,10,0.1999,"Колено 4: исходящие переводы за пределом обхода неизвестны. Вход: 1 пл., 10 000 KZT; выход: 0 пол., 0 KZT."
100000004268036100,peripheral,0.2,12,0.1926,"Колено 4: исходящие переводы за пределом обхода неизвестны. Вход: 1 пл., 5 500 KZT; выход: 0 пол., 0 KZT."
100000004269433100,peripheral,0.35,15,0.1531,"Выраженных признаков роли в доступной выборке нет. Вход: 0 пл., 0 KZT; выход: 1 пол., 1 372 000 KZT."
100000004272302100,peripheral,0.2,1,0.1999,"Колено 4: исходящие переводы за пределом обхода неизвестны. Вход: 1 пл., 10 000 KZT; выход: 0 пол., 0 KZT."
100000004278574100,peripheral,0.35,6,0.4226,"Выраженных признаков роли в доступной выборке нет. Вход: 1 пл., 25 000 KZT; выход: 1 пол., 12 500 KZT."
100000004285800100,peripheral,0.35,4,0.4725,"Выраженных признаков роли в доступной выборке нет. Вход: 1 пл., 5 000 KZT; выход: 1 пол., 15 000 KZT."
100000004286573100,terminal,0.55,13,0.2927,Получено 16 590 KZT от 1 плательщиков; исходящих переводов в выборке нет (колено 1).
100000004291560100,terminal,0.55,4,0.3687,Получено 47 190 KZT от 1 плательщиков; исходящих переводов в выборке нет (колено 3).
100000004291663100,peripheral,0.2,4,0.2592,"Колено 4: исходящие переводы за пределом обхода неизвестны. Вход: 1 пл., 25 000 KZT; выход: 0 пол., 0 KZT."
100000004292885100,terminal,0.55,7,0.322,Получено 112 700 KZT от 1 плательщиков; исходящих переводов в выборке нет (колено 3).
100000004299488100,consolidator,0.91,1,0.5861,"Получает от 6 разных плательщиков; связи от 3 исходных клиентов. Вход: 6 пл., 1 749 000 KZT; выход: 2 пол., 344 999 KZT."
100000004315838100,peripheral,0.35,8,0.5038,"Выраженных признаков роли в доступной выборке нет. Вход: 2 пл., 50 000 KZT; выход: 1 пол., 18 000 KZT."
100000004318918100,terminal,0.55,15,0.4959,Получено 75 600 KZT от 1 плательщиков; исходящих переводов в выборке нет (колено 1).
100000004321983100,peripheral,0.35,11,0.3177,"Выраженных признаков роли в доступной выборке нет. Вход: 1 пл., 10 840 KZT; выход: 2 пол., 36 200 KZT."
100000004325327100,transit,0.9002,4,0.4503,"Наблюдаемый выход/вход 0.99. 100% исходящего объёма в дни притока или через 1–2 дня. Вход: 2 пл., 70 817 KZT; выход: 1 пол., 70 000 KZT."
100000004326224100,peripheral,0.2,6,0.3179,"Колено 4: исходящие переводы за пределом обхода неизвестны. Вход: 1 пл., 60 000 KZT; выход: 0 пол., 0 KZT."
100000004330371100,peripheral,0.35,2,0.4254,"Выраженных признаков роли в доступной выборке нет. Вход: 2 пл., 264 171 KZT; выход: 2 пол., 90 681 KZT."
100000004331458100,terminal,0.55,38,0.3511,Получено 250 000 KZT от 2 плательщиков; исходящих переводов в выборке нет (колено 2).
100000004336228100,terminal,0.55,10,0.31,Получено 51 407 KZT от 1 плательщиков; исходящих переводов в выборке нет (колено 3).
100000004336312100,transit,0.6852,21,0.3879,"Наблюдаемый выход/вход 0.80. 52% исходящего объёма в дни притока или через 1–2 дня. Вход: 3 пл., 90 415 KZT; выход: 2 пол., 72 650 KZT."
100000004340038100,peripheral,0.35,1,0.4295,"Выраженных признаков роли в доступной выборке нет. Вход: 1 пл., 9 978 KZT; выход: 1 пол., 49 000 KZT."
100000004350094100,peripheral,0.2,4,0.2084,"Колено 4: исходящие переводы за пределом обхода неизвестны. Вход: 1 пл., 20 000 KZT; выход: 0 пол., 0 KZT."
100000004351795100,coordinator,0.89,1,0.6649,"Связи от 3 исходных клиентов; высокая посредническая роль. Вход: 3 пл., 118 333 KZT; выход: 14 пол., 1 715 161 KZT."
100000004356593100,peripheral,0.35,17,0.3697,"Выраженных признаков роли в доступной выборке нет. Вход: 1 пл., 50 000 KZT; выход: 1 пол., 10 000 KZT."
100000004358004100,distributor,0.9448,19,0.2113,"Распределяет средства 11 получателям. Вход: 0 пл., 0 KZT; выход: 11 пол., 980 850 KZT."
100000004360785100,terminal,0.55,2,0.3793,Получено 94 705 KZT от 1 плательщиков; исходящих переводов в выборке нет (колено 1).
100000004368189100,peripheral,0.35,12,0.4109,"Выраженных признаков роли в доступной выборке нет. Вход: 1 пл., 384 600 KZT; выход: 2 пол., 28 200 KZT."
100000004377043100,peripheral,0.2,21,0.1931,"Колено 4: исходящие переводы за пределом обхода неизвестны. Вход: 1 пл., 5 700 KZT; выход: 0 пол., 0 KZT."
100000004379306100,peripheral,0.2,10,0.2049,"Колено 4: исходящие переводы за пределом обхода неизвестны. Вход: 1 пл., 15 000 KZT; выход: 0 пол., 0 KZT."
100000004386258100,peripheral,0.35,13,0.4755,"Выраженных признаков роли в доступной выборке нет. Вход: 3 пл., 61 700 KZT; выход: 3 пол., 40 000 KZT."
100000004386286100,peripheral,0.2,13,0.2507,"Колено 4: исходящие переводы за пределом обхода неизвестны. Вход: 1 пл., 12 500 KZT; выход: 0 пол., 0 KZT."
100000004386331100,transit,0.6837,13,0.408,"Наблюдаемый выход/вход 0.88. 0% исходящего объёма в дни притока или через 1–2 дня. Вход: 1 пл., 20 000 KZT; выход: 2 пол., 17 500 KZT."
100000004388209100,terminal,0.55,5,0.2875,Получено 11 800 KZT от 1 плательщиков; исходящих переводов в выборке нет (колено 1).
100000004388353100,terminal,0.55,15,0.51,Получено 62 960 KZT от 2 плательщиков; исходящих переводов в выборке нет (колено 1).
100000004388983100,peripheral,0.35,45,0.1531,"Выраженных признаков роли в доступной выборке нет. Вход: 0 пл., 0 KZT; выход: 2 пол., 450 816 KZT."
100000004390333100,distributor,0.8701,1,0.5174,"Распределяет средства 9 получателям. Вход: 2 пл., 64 558 KZT; выход: 9 пол., 506 500 KZT."
100000004394765100,peripheral,0.35,2,0.4971,"Выраженных признаков роли в доступной выборке нет. Вход: 3 пл., 603 844 KZT; выход: 2 пол., 82 500 KZT."
100000004398811100,peripheral,0.35,8,0.3796,"Выраженных признаков роли в доступной выборке нет. Вход: 1 пл., 426 000 KZT; выход: 3 пол., 1 040 672 KZT."
100000004399686100,terminal,0.55,23,0.3521,Получено 806 000 KZT от 1 плательщиков; исходящих переводов в выборке нет (колено 3).
100000004400305100,coordinator,1,4,0.7055,"Связи от 2 исходных клиентов; высокая посредническая роль. Вход: 7 пл., 222 800 KZT; выход: 82 пол., 5 830 181 KZT."
100000004400361100,terminal,0.55,8,0.4649,Получено 10 000 KZT от 1 плательщиков; исходящих переводов в выборке нет (колено 2).
100000004400480100,peripheral,0.2,12,0.2094,"Колено 4: исходящие переводы за пределом обхода неизвестны. Вход: 1 пл., 21 700 KZT; выход: 0 пол., 0 KZT."
100000004403548100,peripheral,0.2,10,0.1915,"Колено 4: исходящие переводы за пределом обхода неизвестны. Вход: 1 пл., 5 000 KZT; выход: 0 пол., 0 KZT."
100000004403641100,peripheral,0.2,3,0.2347,"Колено 4: исходящие переводы за пределом обхода неизвестны. Вход: 1 пл., 171 500 KZT; выход: 0 пол., 0 KZT."
100000004403675100,coordinator,0.93,16,0.6307,"Связи от 3 исходных клиентов; высокая посредническая роль. Вход: 4 пл., 182 980 KZT; выход: 5 пол., 264 699 KZT."
100000004407753100,peripheral,0.35,21,0.3363,"Выраженных признаков роли в доступной выборке нет. Вход: 1 пл., 250 000 KZT; выход: 1 пол., 100 000 KZT."
100000004408683100,terminal,0.55,2,0.399,Получено 112 920 KZT от 2 плательщиков; исходящих переводов в выборке нет (колено 1).
100000004410489100,terminal,0.55,10,0.3707,Получено 54 000 KZT от 1 плательщиков; исходящих переводов в выборке нет (колено 2).
100000004417753100,terminal,0.55,10,0.4071,Получено 192 099 KZT от 2 плательщиков; исходящих переводов в выборке нет (колено 3).
100000004418967100,peripheral,0.2,3,0.2281,"Колено 4: исходящие переводы за пределом обхода неизвестны. Вход: 1 пл., 100 000 KZT; выход: 0 пол., 0 KZT."
100000004420041100,peripheral,0.35,13,0.3968,"Выраженных признаков роли в доступной выборке нет. Вход: 1 пл., 69 638 KZT; выход: 7 пол., 651 830 KZT."
100000004424023100,peripheral,0.35,11,0.5038,"Выраженных признаков роли в доступной выборке нет. Вход: 1 пл., 50 000 KZT; выход: 1 пол., 100 000 KZT."
100000004433250100,peripheral,0.2,4,0.2452,"Колено 4: исходящие переводы за пределом обхода неизвестны. Вход: 1 пл., 8 000 KZT; выход: 0 пол., 0 KZT."
100000004435304100,terminal,0.55,5,0.2997,Получено 26 200 KZT от 1 плательщиков; исходящих переводов в выборке нет (колено 2).
100000004441291100,terminal,0.55,8,0.4755,Получено 20 000 KZT от 1 плательщиков; исходящих переводов в выборке нет (колено 2).
100000004445291100,terminal,0.55,26,0.2951,Получено 19 500 KZT от 1 плательщиков; исходящих переводов в выборке нет (колено 3).
100000004449824100,peripheral,0.2,12,0.1987,"Колено 4: исходящие переводы за пределом обхода неизвестны. Вход: 1 пл., 9 000 KZT; выход: 0 пол., 0 KZT."
100000004450649100,peripheral,0.35,16,0.4749,"Выраженных признаков роли в доступной выборке нет. Вход: 2 пл., 192 528 KZT; выход: 2 пол., 46 527 KZT."
100000004451012100,peripheral,0.35,16,0.3467,"Выраженных признаков роли в доступной выборке нет. Вход: 1 пл., 91 245 KZT; выход: 3 пол., 65 740 KZT."
100000004456564100,terminal,0.55,9,0.4049,Получено 10 000 KZT от 1 плательщиков; исходящих переводов в выборке нет (колено 2).
100000004463277100,terminal,0.55,28,0.3041,Получено 35 000 KZT от 1 плательщиков; исходящих переводов в выборке нет (колено 2).
100000004467157100,peripheral,0.35,21,0.2971,"Выраженных признаков роли в доступной выборке нет. Вход: 1 пл., 20 000 KZT; выход: 1 пол., 7 000 KZT."
100000004472936100,peripheral,0.2,1,0.2395,"Колено 4: исходящие переводы за пределом обхода неизвестны. Вход: 1 пл., 5 000 KZT; выход: 0 пол., 0 KZT."
100000004475818100,peripheral,0.35,18,0.3339,"Выраженных признаков роли в доступной выборке нет. Вход: 1 пл., 13 000 KZT; выход: 3 пол., 53 989 KZT."
100000004479404100,peripheral,0.35,1,0.4355,"Выраженных признаков роли в доступной выборке нет. Вход: 2 пл., 1 492 000 KZT; выход: 1 пол., 300 000 KZT."
100000004480280100,peripheral,0.35,17,0.5327,"Выраженных признаков роли в доступной выборке нет. Вход: 1 пл., 146 694 KZT; выход: 2 пол., 295 850 KZT."
100000004486525100,consolidator,0.99,1,0.5838,"Получает от 8 разных плательщиков; связи от 3 исходных клиентов. Вход: 8 пл., 360 924 KZT; выход: 2 пол., 271 045 KZT."
100000004488265100,terminal,0.55,10,0.3057,Получено 38 740 KZT от 1 плательщиков; исходящих переводов в выборке нет (колено 3).
100000004491749100,terminal,0.55,18,0.3096,Получено 50 000 KZT от 1 плательщиков; исходящих переводов в выборке нет (колено 3).
100000004491881100,terminal,0.55,5,0.2932,Получено 17 144 KZT от 1 плательщиков; исходящих переводов в выборке нет (колено 1).
100000004493586100,terminal,0.55,1,0.2805,Получено 7 500 KZT от 1 плательщиков; исходящих переводов в выборке нет (колено 3).
100000004494983100,terminal,0.55,5,0.3041,Получено 35 000 KZT от 1 плательщиков; исходящих переводов в выборке нет (колено 1).
100000004497606100,terminal,0.55,5,0.2917,Получено 15 534 KZT от 1 плательщиков; исходящих переводов в выборке нет (колено 1).
100000004500444100,peripheral,0.35,9,0.3439,"Выраженных признаков роли в доступной выборке нет. Вход: 2 пл., 180 000 KZT; выход: 1 пол., 74 000 KZT."
100000004500781100,peripheral,0.2,9,0.2244,"Колено 4: исходящие переводы за пределом обхода неизвестны. Вход: 1 пл., 74 000 KZT; выход: 0 пол., 0 KZT."
100000004502048100,peripheral,0.2,16,0.204,"Колено 4: исходящие переводы за пределом обхода неизвестны. Вход: 1 пл., 13 888 KZT; выход: 0 пол., 0 KZT."
100000004508696100,peripheral,0.35,2,0.3419,"Выраженных признаков роли в доступной выборке нет. Вход: 1 пл., 7 000 KZT; выход: 3 пол., 111 000 KZT."
100000004509286100,terminal,0.55,8,0.4861,Получено 40 000 KZT от 1 плательщиков; исходящих переводов в выборке нет (колено 1).
100000004526651100,peripheral,0.2,3,0.2626,"Колено 4: исходящие переводы за пределом обхода неизвестны. Вход: 1 пл., 33 000 KZT; выход: 0 пол., 0 KZT."
100000004527381100,peripheral,0.35,2,0.3453,"Выраженных признаков роли в доступной выборке нет. Вход: 1 пл., 119 333 KZT; выход: 1 пол., 273 866 KZT."
100000004539443100,terminal,0.55,8,0.3898,Получено 61 990 KZT от 2 плательщиков; исходящих переводов в выборке нет (колено 3).
100000004544958100,peripheral,0.35,15,0.5195,"Выраженных признаков роли в доступной выборке нет. Вход: 1 пл., 168 000 KZT; выход: 2 пол., 23 200 KZT."
100000004549591100,peripheral,0.2,2,0.2194,"Колено 4: исходящие переводы за пределом обхода неизвестны. Вход: 1 пл., 49 000 KZT; выход: 0 пол., 0 KZT."
100000004552204100,peripheral,0.35,19,0.3124,"Выраженных признаков роли в доступной выборке нет. Вход: 1 пл., 22 500 KZT; выход: 2 пол., 10 000 KZT."
100000004553349100,terminal,0.55,18,0.281,Получено 7 755 KZT от 1 плательщиков; исходящих переводов в выборке нет (колено 3).
100000004559194100,terminal,0.55,2,0.396,Получено 282 145 KZT от 1 плательщиков; исходящих переводов в выборке нет (колено 1).
100000004564736100,terminal,0.55,22,0.3511,Получено 15 000 KZT от 1 плательщиков; исходящих переводов в выборке нет (колено 3).
100000004569484100,coordinator,0.81,9,0.5353,"Связи от 2 исходных клиентов; высокая посредническая роль. Вход: 2 пл., 98 312 KZT; выход: 4 пол., 156 000 KZT."
100000004569637100,peripheral,0.2,10,0.1926,"Колено 4: исходящие переводы за пределом обхода неизвестны. Вход: 1 пл., 5 500 KZT; выход: 0 пол., 0 KZT."
100000004571634100,peripheral,0.2,1,0.2084,"Колено 4: исходящие переводы за пределом обхода неизвестны. Вход: 1 пл., 20 000 KZT; выход: 0 пол., 0 KZT."
100000004573782100,terminal,0.55,29,0.2911,Получено 15 000 KZT от 1 плательщиков; исходящих переводов в выборке нет (колено 2).
100000004580202100,peripheral,0.35,22,0.3904,"Выраженных признаков роли в доступной выборке нет. Вход: 1 пл., 9 000 KZT; выход: 3 пол., 45 000 KZT."
100000004580254100,terminal,0.55,18,0.3176,Получено 27 940 KZT от 2 плательщиков; исходящих переводов в выборке нет (колено 3).
100000004584730100,peripheral,0.2,1,0.2189,"Колено 4: исходящие переводы за пределом обхода неизвестны. Вход: 1 пл., 47 000 KZT; выход: 0 пол., 0 KZT."
100000004586598100,peripheral,0.2,17,0.253,"Колено 4: исходящие переводы за пределом обхода неизвестны. Вход: 1 пл., 761 255 KZT; выход: 0 пол., 0 KZT."
100000004587414100,terminal,0.55,6,0.4827,Получено 533 603 KZT от 2 плательщиков; исходящих переводов в выборке нет (колено 3).
100000004588479100,terminal,0.55,2,0.389,Получено 177 633 KZT от 1 плательщиков; исходящих переводов в выборке нет (колено 1).
100000004591973100,peripheral,0.35,13,0.379,"Выраженных признаков роли в доступной выборке нет. Вход: 1 пл., 10 000 KZT; выход: 1 пол., 100 000 KZT."
100000004592467100,terminal,0.55,8,0.2795,Получено 7 000 KZT от 1 плательщиков; исходящих переводов в выборке нет (колено 2).
100000004596284100,peripheral,0.2,2,0.2134,"Колено 4: исходящие переводы за пределом обхода неизвестны. Вход: 1 пл., 30 000 KZT; выход: 0 пол., 0 KZT."
100000004601193100,peripheral,0.2,1,0.226,"Колено 4: исходящие переводы за пределом обхода неизвестны. Вход: 1 пл., 84 000 KZT; выход: 0 пол., 0 KZT."
100000004603109100,peripheral,0.35,23,0.4588,"Выраженных признаков роли в доступной выборке нет. Вход: 3 пл., 2 730 000 KZT; выход: 2 пол., 400 000 KZT."
100000004610802100,peripheral,0.2,1,0.2389,"Колено 4: исходящие переводы за пределом обхода неизвестны. Вход: 1 пл., 241 000 KZT; выход: 0 пол., 0 KZT."
100000004611571100,terminal,0.55,4,0.3574,Получено 22 550 KZT от 1 плательщиков; исходящих переводов в выборке нет (колено 3).
100000004613582100,peripheral,0.35,29,0.2876,"Выраженных признаков роли в доступной выборке нет. Вход: 1 пл., 5 000 KZT; выход: 1 пол., 9 500 KZT."
100000004616845100,peripheral,0.2,9,0.2086,"Колено 4: исходящие переводы за пределом обхода неизвестны. Вход: 1 пл., 20 200 KZT; выход: 0 пол., 0 KZT."
100000004622227100,peripheral,0.35,1,0.327,"Выраженных признаков роли в доступной выборке нет. Вход: 1 пл., 24 931 KZT; выход: 3 пол., 19 000 KZT."
100000004629688100,peripheral,0.35,34,0.4125,"Выраженных признаков роли в доступной выборке нет. Вход: 1 пл., 5 000 KZT; выход: 1 пол., 15 000 KZT."
100000004634420100,terminal,0.55,7,0.2996,Получено 26 150 KZT от 1 плательщиков; исходящих переводов в выборке нет (колено 3).
100000004635886100,terminal,0.55,2,0.3577,Получено 23 000 KZT от 1 плательщиков; исходящих переводов в выборке нет (колено 3).
100000004644615100,peripheral,0.35,13,0.3515,"Выраженных признаков роли в доступной выборке нет. Вход: 1 пл., 50 810 KZT; выход: 2 пол., 379 665 KZT."
100000004652395100,peripheral,0.2,1,0.3475,"Колено 4: исходящие переводы за пределом обхода неизвестны. Вход: 3 пл., 101 528 KZT; выход: 0 пол., 0 KZT."
100000004655046100,peripheral,0.2,11,0.2107,"Колено 4: исходящие переводы за пределом обхода неизвестны. Вход: 1 пл., 24 000 KZT; выход: 0 пол., 0 KZT."
100000004657034100,terminal,0.55,6,0.4454,Получено 141 250 KZT от 1 плательщиков; исходящих переводов в выборке нет (колено 3).
100000004659919100,peripheral,0.35,8,0.3838,"Выраженных признаков роли в доступной выборке нет. Вход: 1 пл., 110 000 KZT; выход: 1 пол., 39 000 KZT."
100000004662806100,peripheral,0.35,13,0.4072,"Выраженных признаков роли в доступной выборке нет. Вход: 2 пл., 106 585 KZT; выход: 2 пол., 59 900 KZT."
100000004664515100,terminal,0.55,1,0.3052,Получено 37 691 KZT от 1 плательщиков; исходящих переводов в выборке нет (колено 1).
100000004664905100,terminal,0.55,2,0.4154,Получено 329 020 KZT от 2 плательщиков; исходящих переводов в выборке нет (колено 1).
100000004666651100,terminal,0.55,8,0.5225,Получено 429 250 KZT от 1 плательщиков; исходящих переводов в выборке нет (колено 2).
100000004670388100,peripheral,0.35,39,0.3629,"Выраженных признаков роли в доступной выборке нет. Вход: 1 пл., 160 354 KZT; выход: 2 пол., 720 000 KZT."
100000004671609100,terminal,0.55,3,0.3202,Получено 100 000 KZT от 1 плательщиков; исходящих переводов в выборке нет (колено 3).
100000004673335100,peripheral,0.2,12,0.2254,"Колено 4: исходящие переводы за пределом обхода неизвестны. Вход: 1 пл., 80 000 KZT; выход: 0 пол., 0 KZT."
100000004674178100,peripheral,0.2,26,0.2084,"Колено 4: исходящие переводы за пределом обхода неизвестны. Вход: 1 пл., 20 000 KZT; выход: 0 пол., 0 KZT."
100000004674389100,peripheral,0.2,1,0.2049,"Колено 4: исходящие переводы за пределом обхода неизвестны. Вход: 1 пл., 15 000 KZT; выход: 0 пол., 0 KZT."
100000004674412100,peripheral,0.2,1,0.2186,"Колено 4: исходящие переводы за пределом обхода неизвестны. Вход: 1 пл., 46 000 KZT; выход: 0 пол., 0 KZT."
100000004674799100,terminal,0.55,1,0.4453,Получено 140 000 KZT от 1 плательщиков; исходящих переводов в выборке нет (колено 2).
100000004676985100,transit,0.6541,4,0.4,"Наблюдаемый выход/вход 0.84. 0% исходящего объёма в дни притока или через 1–2 дня. Вход: 1 пл., 32 260 KZT; выход: 1 пол., 27 102 KZT."
100000004677680100,peripheral,0.35,15,0.5229,"Выраженных признаков роли в доступной выборке нет. Вход: 2 пл., 63 000 KZT; выход: 1 пол., 168 000 KZT."
100000004679953100,peripheral,0.35,10,0.4408,"Выраженных признаков роли в доступной выборке нет. Вход: 3 пл., 343 538 KZT; выход: 3 пол., 34 100 KZT."
100000004687099100,terminal,0.55,29,0.3017,Получено 30 000 KZT от 1 плательщиков; исходящих переводов в выборке нет (колено 2).
100000004687282100,terminal,0.55,2,0.2955,Получено 20 000 KZT от 1 плательщиков; исходящих переводов в выборке нет (колено 2).
100000004689658100,peripheral,0.35,14,0.341,"Выраженных признаков роли в доступной выборке нет. Вход: 1 пл., 456 100 KZT; выход: 1 пол., 7 092 KZT."
100000004691350100,peripheral,0.2,39,0.2034,"Колено 4: исходящие переводы за пределом обхода неизвестны. Вход: 1 пл., 13 300 KZT; выход: 0 пол., 0 KZT."
100000004692798100,peripheral,0.35,13,0.3435,"Выраженных признаков роли в доступной выборке нет. Вход: 2 пл., 240 305 KZT; выход: 1 пол., 15 000 KZT."
100000004697956100,transit,0.79,18,0.3365,"Наблюдаемый выход/вход 1.00. 0% исходящего объёма в дни притока или через 1–2 дня. Вход: 1 пл., 10 000 KZT; выход: 1 пол., 10 000 KZT."
100000004698193100,peripheral,0.35,18,0.3608,"Выраженных признаков роли в доступной выборке нет. Вход: 2 пл., 222 700 KZT; выход: 3 пол., 38 000 KZT."
100000004707703100,transit,0.8695,2,0.4962,"Наблюдаемый выход/вход 0.97. 89% исходящего объёма в дни притока или через 1–2 дня. Вход: 2 пл., 239 300 KZT; выход: 5 пол., 231 650 KZT."
100000004713684100,terminal,0.55,4,0.3652,Получено 37 500 KZT от 1 плательщиков; исходящих переводов в выборке нет (колено 3).
100000004714705100,peripheral,0.35,16,0.1281,"Выраженных признаков роли в доступной выборке нет. Вход: 0 пл., 0 KZT; выход: 1 пол., 36 550 KZT."
100000004715209100,peripheral,0.35,31,0.3737,"Выраженных признаков роли в доступной выборке нет. Вход: 1 пл., 5 000 KZT; выход: 5 пол., 350 450 KZT."
100000004717647100,peripheral,0.35,1,0.4038,"Выраженных признаков роли в доступной выборке нет. Вход: 1 пл., 300 000 KZT; выход: 5 пол., 2 240 000 KZT."
100000004722630100,peripheral,0.2,39,0.2431,"Колено 4: исходящие переводы за пределом обхода неизвестны. Вход: 1 пл., 340 000 KZT; выход: 0 пол., 0 KZT."
100000004722765100,peripheral,0.35,1,0.3891,"Выраженных признаков роли в доступной выборке нет. Вход: 1 пл., 230 000 KZT; выход: 3 пол., 2 284 500 KZT."
100000004723755100,peripheral,0.35,8,0.1347,"Выраженных признаков роли в доступной выборке нет. Вход: 0 пл., 0 KZT; выход: 1 пол., 95 000 KZT."
100000004726132100,peripheral,0.35,4,0.3377,"Выраженных признаков роли в доступной выборке нет. Вход: 1 пл., 349 000 KZT; выход: 1 пол., 24 000 KZT."
100000004732589100,terminal,0.55,9,0.3327,Получено 227 520 KZT от 1 плательщиков; исходящих переводов в выборке нет (колено 2).
100000004737477100,transit,0.6785,4,0.4209,"Наблюдаемый выход/вход 0.82. 37% исходящего объёма в дни притока или через 1–2 дня. Вход: 2 пл., 49 598 KZT; выход: 1 пол., 40 500 KZT."
100000004737764100,terminal,0.55,8,0.3476,Получено 600 000 KZT от 1 плательщиков; исходящих переводов в выборке нет (колено 3).
100000004739664100,transit,0.6483,5,0.3238,"Наблюдаемый выход/вход 0.83. 0% исходящего объёма в дни притока или через 1–2 дня. Вход: 1 пл., 12 000 KZT; выход: 1 пол., 10 000 KZT."
100000004741837100,terminal,0.55,2,0.3593,Получено 25 596 KZT от 1 плательщиков; исходящих переводов в выборке нет (колено 1).
100000004744306100,peripheral,0.35,16,0.4573,"Выраженных признаков роли в доступной выборке нет. Вход: 1 пл., 69 000 KZT; выход: 2 пол., 92 000 KZT."
100000004746397100,peripheral,0.35,6,0.4646,"Выраженных признаков роли в доступной выборке нет. Вход: 1 пл., 219 520 KZT; выход: 1 пол., 7 500 KZT."
100000004747154100,peripheral,0.2,31,0.2232,"Колено 4: исходящие переводы за пределом обхода неизвестны. Вход: 1 пл., 67 000 KZT; выход: 0 пол., 0 KZT."
100000004750321100,terminal,0.55,9,0.4466,Получено 50 185 KZT от 2 плательщиков; исходящих переводов в выборке нет (колено 3).
100000004750897100,terminal,0.55,34,0.4049,Получено 10 000 KZT от 1 плательщиков; исходящих переводов в выборке нет (колено 3).
100000004756901100,terminal,0.55,8,0.5067,Получено 153 248 KZT от 1 плательщиков; исходящих переводов в выборке нет (колено 2).
100000004759121100,consolidator,0.91,4,0.5764,"Получает от 6 разных плательщиков; связи от 3 исходных клиентов. Вход: 6 пл., 710 000 KZT; выход: 2 пол., 312 000 KZT."
100000004765639100,peripheral,0.35,25,0.3011,"Выраженных признаков роли в доступной выборке нет. Вход: 1 пл., 5 000 KZT; выход: 2 пол., 11 000 KZT."
100000004770073100,transit,0.9093,1,0.3396,"Наблюдаемый выход/вход 1.00. 100% исходящего объёма в дни притока или через 1–2 дня. Вход: 1 пл., 5 462 KZT; выход: 1 пол., 5 467 KZT."
100000004777215100,peripheral,0.2,8,0.2699,"Колено 4: исходящие переводы за пределом обхода неизвестны. Вход: 1 пл., 60 000 KZT; выход: 0 пол., 0 KZT."
100000004779204100,peripheral,0.35,4,0.3671,"Выраженных признаков роли в доступной выборке нет. Вход: 1 пл., 30 450 KZT; выход: 1 пол., 20 000 KZT."
100000004780083100,peripheral,0.2,1,0.1999,"Колено 4: исходящие переводы за пределом обхода неизвестны. Вход: 1 пл., 9 999 KZT; выход: 0 пол., 0 KZT."
100000004780327100,peripheral,0.2,12,0.2022,"Колено 4: исходящие переводы за пределом обхода неизвестны. Вход: 1 пл., 12 000 KZT; выход: 0 пол., 0 KZT."
100000004783447100,terminal,0.55,5,0.2997,Получено 26 200 KZT от 1 плательщиков; исходящих переводов в выборке нет (колено 1).
100000004784224100,peripheral,0.35,23,0.3204,"Выраженных признаков роли в доступной выборке нет. Вход: 1 пл., 23 500 KZT; выход: 1 пол., 100 000 KZT."
100000004788983100,peripheral,0.2,4,0.2601,"Колено 4: исходящие переводы за пределом обхода неизвестны. Вход: 1 пл., 27 000 KZT; выход: 0 пол., 0 KZT."
100000004790991100,terminal,0.55,2,0.3935,Получено 239 413 KZT от 1 плательщиков; исходящих переводов в выборке нет (колено 1).
100000004791226100,peripheral,0.2,4,0.2564,"Колено 4: исходящие переводы за пределом обхода неизвестны. Вход: 1 пл., 20 000 KZT; выход: 0 пол., 0 KZT."
100000004792397100,terminal,0.55,5,0.3155,Получено 73 520 KZT от 1 плательщиков; исходящих переводов в выборке нет (колено 1).
100000004797167100,peripheral,0.2,14,0.2138,"Колено 4: исходящие переводы за пределом обхода неизвестны. Вход: 1 пл., 31 000 KZT; выход: 0 пол., 0 KZT."
100000004798515100,peripheral,0.2,13,0.2366,"Колено 4: исходящие переводы за пределом обхода неизвестны. Вход: 1 пл., 200 000 KZT; выход: 0 пол., 0 KZT."
100000004800452100,peripheral,0.2,14,0.2908,"Колено 4: исходящие переводы за пределом обхода неизвестны. Вход: 1 пл., 6 545 KZT; выход: 0 пол., 0 KZT."
100000004800648100,peripheral,0.2,13,0.2314,"Колено 4: исходящие переводы за пределом обхода неизвестны. Вход: 1 пл., 131 000 KZT; выход: 0 пол., 0 KZT."
100000004806903100,terminal,0.55,8,0.4739,Получено 18 000 KZT от 1 плательщиков; исходящих переводов в выборке нет (колено 2).
100000004813068100,peripheral,0.35,23,0.1556,"Выраженных признаков роли в доступной выборке нет. Вход: 0 пл., 0 KZT; выход: 3 пол., 297 000 KZT."
100000004816564100,peripheral,0.35,2,0.4539,"Выраженных признаков роли в доступной выборке нет. Вход: 1 пл., 285 480 KZT; выход: 1 пол., 5 000 KZT."
100000004820260100,transit,0.8416,2,0.5311,"Наблюдаемый выход/вход 0.92. 100% исходящего объёма в дни притока или через 1–2 дня. Вход: 1 пл., 234 200 KZT; выход: 3 пол., 215 350 KZT."
100000004825069100,terminal,0.55,5,0.3017,Получено 30 000 KZT от 1 плательщиков; исходящих переводов в выборке нет (колено 2).
100000004840086100,peripheral,0.2,4,0.2281,"Колено 4: исходящие переводы за пределом обхода неизвестны. Вход: 1 пл., 100 000 KZT; выход: 0 пол., 0 KZT."
100000004841728100,terminal,0.55,5,0.3102,Получено 52 208 KZT от 1 плательщиков; исходящих переводов в выборке нет (колено 1).
100000004847758100,coordinator,0.89,10,0.5684,"Связи от 2 исходных клиентов; высокая посредническая роль. Вход: 4 пл., 115 171 KZT; выход: 15 пол., 488 800 KZT."
100000004848236100,peripheral,0.2,4,0.2444,"Колено 4: исходящие переводы за пределом обхода неизвестны. Вход: 1 пл., 7 500 KZT; выход: 0 пол., 0 KZT."
100000004850609100,peripheral,0.2,1,0.1999,"Колено 4: исходящие переводы за пределом обхода неизвестны. Вход: 1 пл., 10 000 KZT; выход: 0 пол., 0 KZT."
100000004856746100,peripheral,0.2,21,0.2084,"Колено 4: исходящие переводы за пределом обхода неизвестны. Вход: 1 пл., 20 000 KZT; выход: 0 пол., 0 KZT."
100000004877085100,peripheral,0.35,1,0.4627,"Выраженных признаков роли в доступной выборке нет. Вход: 1 пл., 25 000 KZT; выход: 3 пол., 95 600 KZT."
100000004889043100,terminal,0.55,4,0.4724,Получено 272 000 KZT от 2 плательщиков; исходящих переводов в выборке нет (колено 3).
100000004890713100,peripheral,0.2,9,0.2651,"Колено 4: исходящие переводы за пределом обхода неизвестны. Вход: 1 пл., 40 485 KZT; выход: 0 пол., 0 KZT."
100000004891562100,peripheral,0.2,12,0.2285,"Колено 4: исходящие переводы за пределом обхода неизвестны. Вход: 1 пл., 103 400 KZT; выход: 0 пол., 0 KZT."
100000004892144100,peripheral,0.35,23,0.448,"Выраженных признаков роли в доступной выборке нет. Вход: 2 пл., 4 500 000 KZT; выход: 1 пол., 180 300 KZT."
100000004904960100,terminal,0.55,4,0.4997,Получено 32 000 KZT от 2 плательщиков; исходящих переводов в выборке нет (колено 2).
100000004905207100,terminal,0.55,11,0.4606,Получено 380 000 KZT от 1 плательщиков; исходящих переводов в выборке нет (колено 2).
100000004906181100,peripheral,0.35,6,0.5358,"Выраженных признаков роли в доступной выборке нет. Вход: 1 пл., 100 000 KZT; выход: 7 пол., 2 473 418 KZT."
100000004908173100,peripheral,0.2,3,0.209,"Колено 4: исходящие переводы за пределом обхода неизвестны. Вход: 1 пл., 21 000 KZT; выход: 0 пол., 0 KZT."
100000004911971100,peripheral,0.2,6,0.3113,"Колено 4: исходящие переводы за пределом обхода неизвестны. Вход: 1 пл., 35 000 KZT; выход: 0 пол., 0 KZT."
100000004917367100,terminal,0.55,6,0.4599,Получено 120 000 KZT от 2 плательщиков; исходящих переводов в выборке нет (колено 3).
100000004921657100,peripheral,0.35,8,0.359,"Выраженных признаков роли в доступной выборке нет. Вход: 1 пл., 8 300 KZT; выход: 1 пол., 22 190 KZT."
100000004931931100,peripheral,0.35,4,0.3719,"Выраженных признаков роли в доступной выборке нет. Вход: 1 пл., 23 938 KZT; выход: 1 пол., 45 000 KZT."
100000004948177100,terminal,0.55,2,0.4317,Получено 437 163 KZT от 3 плательщиков; исходящих переводов в выборке нет (колено 1).
100000004950490100,terminal,0.55,11,0.2849,Получено 10 000 KZT от 1 плательщиков; исходящих переводов в выборке нет (колено 2).
100000004959752100,terminal,0.55,14,0.4771,Получено 22 200 KZT от 1 плательщиков; исходящих переводов в выборке нет (колено 3).
100000004962193100,consolidator,0.99,1,0.5807,"Получает от 8 разных плательщиков; связи от 3 исходных клиентов. Вход: 8 пл., 900 468 KZT; выход: 0 пол., 0 KZT."
100000004970752100,terminal,0.55,4,0.2849,Получено 10 000 KZT от 1 плательщиков; исходящих переводов в выборке нет (колено 3).
100000004971871100,peripheral,0.35,43,0.1347,"Выраженных признаков роли в доступной выборке нет. Вход: 1 пл., 25 400 KZT; выход: 1 пол., 5 650 KZT."
100000004975919100,peripheral,0.35,10,0.315,"Выраженных признаков роли в доступной выборке нет. Вход: 1 пл., 22 351 KZT; выход: 2 пол., 15 000 KZT."
100000004976946100,peripheral,0.2,4,0.2871,"Колено 4: исходящие переводы за пределом обхода неизвестны. Вход: 1 пл., 246 000 KZT; выход: 0 пол., 0 KZT."
100000004979264100,peripheral,0.2,3,0.2169,"Колено 4: исходящие переводы за пределом обхода неизвестны. Вход: 1 пл., 39 800 KZT; выход: 0 пол., 0 KZT."
100000004979283100,terminal,0.55,9,0.3062,Получено 40 132 KZT от 1 плательщиков; исходящих переводов в выборке нет (колено 3).
100000004979498100,peripheral,0.35,40,0.3507,"Выраженных признаков роли в доступной выборке нет. Вход: 1 пл., 700 000 KZT; выход: 1 пол., 200 000 KZT."
100000004981068100,peripheral,0.2,10,0.2479,"Колено 4: исходящие переводы за пределом обхода неизвестны. Вход: 1 пл., 10 000 KZT; выход: 0 пол., 0 KZT."
100000004984689100,terminal,0.55,10,0.3105,Получено 53 030 KZT от 1 плательщиков; исходящих переводов в выборке нет (колено 3).
100000004988240100,peripheral,0.2,4,0.2564,"Колено 4: исходящие переводы за пределом обхода неизвестны. Вход: 1 пл., 20 000 KZT; выход: 0 пол., 0 KZT."
100000004991593100,peripheral,0.2,1,0.3144,"Колено 4: исходящие переводы за пределом обхода неизвестны. Вход: 1 пл., 45 000 KZT; выход: 0 пол., 0 KZT."
100000004991812100,terminal,0.55,22,0.3449,Получено 10 000 KZT от 1 плательщиков; исходящих переводов в выборке нет (колено 3).
100000004993576100,terminal,0.55,2,0.448,Получено 167 000 KZT от 1 плательщиков; исходящих переводов в выборке нет (колено 2).
100000004997515100,peripheral,0.35,3,0.5681,"Выраженных признаков роли в доступной выборке нет. Вход: 4 пл., 395 000 KZT; выход: 4 пол., 54 500 KZT."
100000005008589100,terminal,0.55,1,0.3072,Получено 42 807 KZT от 1 плательщиков; исходящих переводов в выборке нет (колено 3).
100000005010159100,peripheral,0.2,14,0.1957,"Колено 4: исходящие переводы за пределом обхода неизвестны. Вход: 1 пл., 7 092 KZT; выход: 0 пол., 0 KZT."
100000005017150100,peripheral,0.2,54,0.036,"Выраженных признаков роли в доступной выборке нет. Вход: 0 пл., 0 KZT; выход: 0 пол., 0 KZT."
100000005022552100,peripheral,0.35,2,0.3909,"Выраженных признаков роли в доступной выборке нет. Вход: 1 пл., 241 000 KZT; выход: 1 пол., 5 000 KZT."
100000005022964100,terminal,0.55,8,0.4755,Получено 20 000 KZT от 1 плательщиков; исходящих переводов в выборке нет (колено 2).
100000005025629100,peripheral,0.2,16,0.288,"Колено 4: исходящие переводы за пределом обхода неизвестны. Вход: 1 пл., 5 227 KZT; выход: 0 пол., 0 KZT."
100000005030592100,terminal,0.55,2,0.4049,Получено 10 000 KZT от 1 плательщиков; исходящих переводов в выборке нет (колено 2).
100000005031696100,peripheral,0.35,8,0.5141,"Выраженных признаков роли в доступной выборке нет. Вход: 1 пл., 5 000 KZT; выход: 2 пол., 115 000 KZT."
100000005032294100,terminal,0.55,9,0.4049,Получено 10 000 KZT от 1 плательщиков; исходящих переводов в выборке нет (колено 2).
100000005034574100,terminal,0.55,45,0.3347,Получено 258 816 KZT от 1 плательщиков; исходящих переводов в выборке нет (колено 1).
100000005037490100,peripheral,0.35,17,0.3774,"Выраженных признаков роли в доступной выборке нет. Вход: 1 пл., 15 000 KZT; выход: 2 пол., 30 000 KZT."
100000005041147100,peripheral,0.2,4,0.2479,"Колено 4: исходящие переводы за пределом обхода неизвестны. Вход: 1 пл., 10 000 KZT; выход: 0 пол., 0 KZT."
100000005041905100,peripheral,0.35,7,0.3536,"Выраженных признаков роли в доступной выборке нет. Вход: 1 пл., 5 000 KZT; выход: 1 пол., 1 080 351 KZT."
100000005042822100,peripheral,0.2,30,0.2563,"Колено 4: исходящие переводы за пределом обхода неизвестны. Вход: 1 пл., 1 000 000 KZT; выход: 0 пол., 0 KZT."
100000005048668100,coordinator,0.89,1,0.6288,"Связи от 4 исходных клиентов; высокая посредническая роль. Вход: 2 пл., 16 668 KZT; выход: 8 пол., 159 400 KZT."
100000005049404100,peripheral,0.2,6,0.3239,"Колено 4: исходящие переводы за пределом обхода неизвестны. Вход: 1 пл., 98 000 KZT; выход: 0 пол., 0 KZT."
100000005052998100,peripheral,0.35,4,0.3624,"Выраженных признаков роли в доступной выборке нет. Вход: 1 пл., 9 500 KZT; выход: 1 пол., 28 400 KZT."
100000005053653100,peripheral,0.35,1,0.5077,"Выраженных признаков роли в доступной выборке нет. Вход: 2 пл., 63 073 KZT; выход: 1 пол., 25 000 KZT."
100000005055454100,terminal,0.55,28,0.2783,Получено 6 500 KZT от 1 плательщиков; исходящих переводов в выборке нет (колено 3).
100000005056870100,terminal,0.55,37,0.2955,Получено 20 000 KZT от 1 плательщиков; исходящих переводов в выборке нет (колено 1).
100000005059998100,terminal,0.55,1,0.2939,Получено 18 000 KZT от 1 плательщиков; исходящих переводов в выборке нет (колено 2).
100000005061890100,terminal,0.55,17,0.3185,Получено 90 000 KZT от 1 плательщиков; исходящих переводов в выборке нет (колено 3).
100000005074393100,peripheral,0.35,32,0.595,"Выраженных признаков роли в доступной выборке нет. Вход: 4 пл., 563 026 KZT; выход: 6 пол., 685 500 KZT."
100000005075949100,peripheral,0.2,1,0.2661,"Колено 4: исходящие переводы за пределом обхода неизвестны. Вход: 1 пл., 2 226 000 KZT; выход: 0 пол., 0 KZT."
100000005077484100,peripheral,0.35,28,0.3367,"Выраженных признаков роли в доступной выборке нет. Вход: 1 пл., 150 000 KZT; выход: 2 пол., 13 550 KZT."
100000005079473100,peripheral,0.2,14,0.2167,"Колено 4: исходящие переводы за пределом обхода неизвестны. Вход: 1 пл., 39 312 KZT; выход: 0 пол., 0 KZT."
100000005079754100,peripheral,0.35,8,0.5213,"Выраженных признаков роли в доступной выборке нет. Вход: 1 пл., 70 000 KZT; выход: 2 пол., 122 000 KZT."
100000005082652100,terminal,0.55,29,0.3017,Получено 30 000 KZT от 1 плательщиков; исходящих переводов в выборке нет (колено 3).
100000005087431100,peripheral,0.2,55,0.036,"Выраженных признаков роли в доступной выборке нет. Вход: 0 пл., 0 KZT; выход: 0 пол., 0 KZT."
100000005087923100,peripheral,0.2,11,0.2084,"Колено 4: исходящие переводы за пределом обхода неизвестны. Вход: 1 пл., 20 000 KZT; выход: 0 пол., 0 KZT."
100000005089460100,terminal,0.55,7,0.2881,Получено 12 300 KZT от 1 плательщиков; исходящих переводов в выборке нет (колено 3).
100000005092518100,terminal,0.55,5,0.2996,Получено 26 144 KZT от 1 плательщиков; исходящих переводов в выборке нет (колено 1).
100000005093521100,terminal,0.55,8,0.4713,Получено 15 200 KZT от 1 плательщиков; исходящих переводов в выборке нет (колено 1).
100000005100475100,terminal,0.55,18,0.3061,Получено 40 000 KZT от 1 плательщиков; исходящих переводов в выборке нет (колено 3).
100000005105153100,terminal,0.55,4,0.4217,Получено 30 000 KZT от 1 плательщиков; исходящих переводов в выборке нет (колено 2).
100000005124479100,peripheral,0.35,4,0.5267,"Выраженных признаков роли в доступной выборке нет. Вход: 2 пл., 137 753 KZT; выход: 2 пол., 22 000 KZT."
100000005127767100,terminal,0.55,2,0.2795,Получено 7 000 KZT от 1 плательщиков; исходящих переводов в выборке нет (колено 3).
100000005133757100,terminal,0.55,14,0.5105,Получено 65 000 KZT от 2 плательщиков; исходящих переводов в выборке нет (колено 1).
100000005140601100,peripheral,0.35,10,0.3605,"Выраженных признаков роли в доступной выборке нет. Вход: 3 пл., 52 685 KZT; выход: 2 пол., 195 300 KZT."
100000005142492100,peripheral,0.35,18,0.311,"Выраженных признаков роли в доступной выборке нет. Вход: 1 пл., 10 000 KZT; выход: 1 пол., 57 000 KZT."
100000005142589100,terminal,0.55,1,0.3696,Получено 50 000 KZT от 1 плательщиков; исходящих переводов в выборке нет (колено 2).
100000005146665100,peripheral,0.2,9,0.1926,"Колено 4: исходящие переводы за пределом обхода неизвестны. Вход: 1 пл., 5 500 KZT; выход: 0 пол., 0 KZT."
100000005168487100,peripheral,0.35,15,0.4997,"Выраженных признаков роли в доступной выборке нет. Вход: 1 пл., 15 000 KZT; выход: 1 пол., 103 510 KZT."
100000005171642100,transit,0.8894,11,0.4233,"Наблюдаемый выход/вход 0.98. 96% исходящего объёма в дни притока или через 1–2 дня. Вход: 2 пл., 696 800 KZT; выход: 1 пол., 683 600 KZT."
100000005172860100,terminal,0.55,1,0.2913,Получено 15 209 KZT от 1 плательщиков; исходящих переводов в выборке нет (колено 3).
100000005175148100,peripheral,0.35,2,0.4482,"Выраженных признаков роли в доступной выборке нет. Вход: 2 пл., 79 000 KZT; выход: 1 пол., 15 000 KZT."
100000005182219100,terminal,0.55,17,0.448,Получено 55 000 KZT от 2 плательщиков; исходящих переводов в выборке нет (колено 3).
100000005183943100,terminal,0.55,36,0.3495,Получено 680 900 KZT от 1 плательщиков; исходящих переводов в выборке нет (колено 1).
100000005186109100,terminal,0.55,2,0.3943,Получено 5 000 KZT от 1 плательщиков; исходящих переводов в выборке нет (колено 3).
100000005186131100,transit,0.91,4,0.4089,"Наблюдаемый выход/вход 1.00. 100% исходящего объёма в дни притока или через 1–2 дня. Вход: 1 пл., 10 000 KZT; выход: 1 пол., 10 000 KZT."
100000005187208100,terminal,0.55,18,0.2903,Получено 14 160 KZT от 1 плательщиков; исходящих переводов в выборке нет (колено 3).
100000005189258100,peripheral,0.2,1,0.2196,"Колено 4: исходящие переводы за пределом обхода неизвестны. Вход: 1 пл., 50 000 KZT; выход: 0 пол., 0 KZT."
100000005198498100,terminal,0.55,7,0.3011,Получено 28 800 KZT от 1 плательщиков; исходящих переводов в выборке нет (колено 3).
100000005198906100,peripheral,0.35,6,0.4537,"Выраженных признаков роли в доступной выборке нет. Вход: 1 пл., 227 970 KZT; выход: 1 пол., 60 000 KZT."
100000005203590100,terminal,0.55,18,0.3185,Получено 90 000 KZT от 1 плательщиков; исходящих переводов в выборке нет (колено 2).
100000005205745100,terminal,0.55,10,0.3971,Получено 6 000 KZT от 1 плательщиков; исходящих переводов в выборке нет (колено 2).
100000005209352100,peripheral,0.2,4,0.2395,"Колено 4: исходящие переводы за пределом обхода неизвестны. Вход: 1 пл., 5 000 KZT; выход: 0 пол., 0 KZT."
100000005222360100,peripheral,0.35,9,0.3423,"Выраженных признаков роли в доступной выборке нет. Вход: 1 пл., 5 000 KZT; выход: 1 пол., 27 000 KZT."
100000005226217100,peripheral,0.2,3,0.2548,"Колено 4: исходящие переводы за пределом обхода неизвестны. Вход: 1 пл., 17 500 KZT; выход: 0 пол., 0 KZT."
100000005228059100,terminal,0.55,5,0.2995,Получено 26 000 KZT от 1 плательщиков; исходящих переводов в выборке нет (колено 1).
100000005233755100,peripheral,0.35,6,0.2991,"Выраженных признаков роли в доступной выборке нет. Вход: 1 пл., 25 000 KZT; выход: 1 пол., 5 000 KZT."
100000005235389100,peripheral,0.2,56,0.036,"Выраженных признаков роли в доступной выборке нет. Вход: 0 пл., 0 KZT; выход: 0 пол., 0 KZT."
100000005237935150,terminal,0.55,13,0.3039,Получено 34 508 KZT от 1 плательщиков; исходящих переводов в выборке нет (колено 2).
100000005241556100,terminal,0.55,3,0.3202,Получено 100 000 KZT от 1 плательщиков; исходящих переводов в выборке нет (колено 3).
100000005242320100,distributor,1,12,0.5992,"Распределяет средства 21 получателям. Вход: 2 пл., 365 700 KZT; выход: 21 пол., 8 936 295 KZT."
100000005264874100,peripheral,0.35,19,0.3304,"Выраженных признаков роли в доступной выборке нет. Вход: 1 пл., 30 000 KZT; выход: 2 пол., 78 000 KZT."
100000005264990100,peripheral,0.35,16,0.2052,"Выраженных признаков роли в доступной выборке нет. Вход: 1 пл., 17 070 KZT; выход: 2 пол., 122 000 KZT."
100000005265073100,peripheral,0.35,16,0.3475,"Выраженных признаков роли в доступной выборке нет. Вход: 1 пл., 5 000 KZT; выход: 1 пол., 9 000 KZT."
100000005268319100,peripheral,0.35,1,0.355,"Выраженных признаков роли в доступной выборке нет. Вход: 1 пл., 19 713 KZT; выход: 5 пол., 91 000 KZT."
100000005272139100,peripheral,0.2,2,0.2343,"Колено 4: исходящие переводы за пределом обхода неизвестны. Вход: 1 пл., 165 000 KZT; выход: 0 пол., 0 KZT."
100000005287097100,coordinator,0.85,2,0.5949,"Связи от 3 исходных клиентов; высокая посредническая роль. Вход: 2 пл., 127 173 KZT; выход: 9 пол., 697 300 KZT."
100000005293969100,peripheral,0.2,1,0.1926,"Колено 4: исходящие переводы за пределом обхода неизвестны. Вход: 1 пл., 5 467 KZT; выход: 0 пол., 0 KZT."
100000005308954100,peripheral,0.35,2,0.3174,"Выраженных признаков роли в доступной выборке нет. Вход: 1 пл., 69 020 KZT; выход: 1 пол., 30 000 KZT."
100000005314565100,terminal,0.55,1,0.3321,Получено 218 500 KZT от 1 плательщиков; исходящих переводов в выборке нет (колено 3).
100000005316708100,peripheral,0.35,11,0.3483,"Выраженных признаков роли в доступной выборке нет. Вход: 1 пл., 90 000 KZT; выход: 2 пол., 257 500 KZT."
100000005317181100,peripheral,0.35,4,0.3843,"Выраженных признаков роли в доступной выборке нет. Вход: 1 пл., 141 250 KZT; выход: 1 пол., 14 500 KZT."
100000005326681100,terminal,0.55,2,0.4224,Получено 31 228 KZT от 1 плательщиков; исходящих переводов в выборке нет (колено 2).
100000005328215100,terminal,0.55,9,0.3001,Получено 27 000 KZT от 1 плательщиков; исходящих переводов в выборке нет (колено 2).
100000005339662100,peripheral,0.35,2,0.5108,"Выраженных признаков роли в доступной выборке нет. Вход: 4 пл., 202 939 KZT; выход: 4 пол., 295 160 KZT."
100000005342513100,peripheral,0.35,5,0.332,"Выраженных признаков роли в доступной выборке нет. Вход: 1 пл., 235 000 KZT; выход: 1 пол., 30 000 KZT."
100000005357034100,terminal,0.55,4,0.3445,Получено 9 754 KZT от 1 плательщиков; исходящих переводов в выборке нет (колено 3).
100000005357705100,peripheral,0.35,10,0.3705,"Выраженных признаков роли в доступной выборке нет. Вход: 1 пл., 52 595 KZT; выход: 4 пол., 387 080 KZT."
100000005360814100,peripheral,0.2,14,0.2326,"Колено 4: исходящие переводы за пределом обхода неизвестны. Вход: 1 пл., 144 000 KZT; выход: 0 пол., 0 KZT."
100000005362848100,terminal,0.55,9,0.3012,Получено 29 000 KZT от 1 плательщиков; исходящих переводов в выборке нет (колено 3).
100000005363908100,transit,0.91,38,0.3587,"Наблюдаемый выход/вход 1.00. 100% исходящего объёма в дни притока или через 1–2 дня. Вход: 1 пл., 19 500 KZT; выход: 1 пол., 19 500 KZT."
100000005367180100,peripheral,0.2,10,0.1967,"Колено 4: исходящие переводы за пределом обхода неизвестны. Вход: 1 пл., 7 700 KZT; выход: 0 пол., 0 KZT."
100000005367284100,peripheral,0.35,4,0.3827,"Выраженных признаков роли в доступной выборке нет. Вход: 1 пл., 13 700 KZT; выход: 2 пол., 48 300 KZT."
100000005367445100,transit,0.91,3,0.3379,"Наблюдаемый выход/вход 1.00. 100% исходящего объёма в дни притока или через 1–2 дня. Вход: 1 пл., 5 000 KZT; выход: 1 пол., 5 000 KZT."
100000005370558100,peripheral,0.2,1,0.1915,"Колено 4: исходящие переводы за пределом обхода неизвестны. Вход: 1 пл., 5 000 KZT; выход: 0 пол., 0 KZT."
100000005370580100,peripheral,0.35,17,0.1793,"Выраженных признаков роли в доступной выборке нет. Вход: 1 пл., 24 075 KZT; выход: 0 пол., 0 KZT."
100000005375968100,peripheral,0.35,4,0.4044,"Выраженных признаков роли в доступной выборке нет. Вход: 1 пл., 170 082 KZT; выход: 2 пол., 86 000 KZT."
100000005382566100,consolidator,1,2,0.2844,"Получает от 7 разных плательщиков; связи от 12 исходных клиентов. Вход: 7 пл., 393 066 KZT; выход: 1 пол., 50 000 KZT."
100000005386383100,peripheral,0.35,2,0.2266,"Выраженных признаков роли в доступной выборке нет. Вход: 2 пл., 37 500 KZT; выход: 1 пол., 29 000 KZT."
100000005392290100,peripheral,0.35,47,0.1337,"Выраженных признаков роли в доступной выборке нет. Вход: 0 пл., 0 KZT; выход: 1 пол., 81 465 KZT."
100000005394708100,peripheral,0.35,16,0.3157,"Выраженных признаков роли в доступной выборке нет. Вход: 1 пл., 26 000 KZT; выход: 1 пол., 65 000 KZT."
100000005395727100,peripheral,0.35,2,0.2039,"Выраженных признаков роли в доступной выборке нет. Вход: 1 пл., 17 000 KZT; выход: 0 пол., 0 KZT."
100000005402643100,peripheral,0.35,3,0.329,"Выраженных признаков роли в доступной выборке нет. Вход: 1 пл., 127 800 KZT; выход: 1 пол., 90 000 KZT."
100000005409156100,terminal,0.55,6,0.4718,Получено 260 080 KZT от 2 плательщиков; исходящих переводов в выборке нет (колено 3).
100000005409680100,peripheral,0.35,16,0.2196,"Выраженных признаков роли в доступной выборке нет. Вход: 2 пл., 55 060 KZT; выход: 0 пол., 0 KZT."
100000005413948100,peripheral,0.35,3,0.3128,"Выраженных признаков роли в доступной выборке нет. Вход: 2 пл., 28 215 KZT; выход: 1 пол., 5 000 KZT."
100000005417257100,peripheral,0.35,16,0.1431,"Выраженных признаков роли в доступной выборке нет. Вход: 0 пл., 0 KZT; выход: 2 пол., 106 000 KZT."
100000005432267100,terminal,0.55,8,0.5363,Получено 350 001 KZT от 2 плательщиков; исходящих переводов в выборке нет (колено 1).
100000005454368100,peripheral,0.35,17,0.1917,"Выраженных признаков роли в доступной выборке нет. Вход: 2 пл., 48 600 KZT; выход: 0 пол., 0 KZT."
100000005456919100,peripheral,0.35,35,0.3533,"Выраженных признаков роли в доступной выборке нет. Вход: 2 пл., 479 950 KZT; выход: 1 пол., 5 000 KZT."
100000005473151100,peripheral,0.35,11,0.4644,"Выраженных признаков роли в доступной выборке нет. Вход: 3 пл., 1 220 000 KZT; выход: 4 пол., 225 000 KZT."
100000005474472100,terminal,0.55,23,0.3202,Получено 100 000 KZT от 1 плательщиков; исходящих переводов в выборке нет (колено 2).
100000005475379100,peripheral,0.35,1,0.3497,"Выраженных признаков роли в доступной выборке нет. Вход: 1 пл., 108 370 KZT; выход: 3 пол., 81 000 KZT."
100000005480435100,peripheral,0.2,57,0.036,"Выраженных признаков роли в доступной выборке нет. Вход: 0 пл., 0 KZT; выход: 0 пол., 0 KZT."
100000005481280100,peripheral,0.35,2,0.4566,"Выраженных признаков роли в доступной выборке нет. Вход: 1 пл., 32 700 KZT; выход: 3 пол., 50 000 KZT."
100000005485830100,peripheral,0.35,37,0.1627,"Выраженных признаков роли в доступной выборке нет. Вход: 0 пл., 0 KZT; выход: 5 пол., 275 885 KZT."
100000005493505100,peripheral,0.35,17,0.2258,"Выраженных признаков роли в доступной выборке нет. Вход: 3 пл., 62 020 KZT; выход: 0 пол., 0 KZT."
100000005495211100,peripheral,0.2,4,0.2525,"Колено 4: исходящие переводы за пределом обхода неизвестны. Вход: 1 пл., 14 500 KZT; выход: 0 пол., 0 KZT."
100000005495722100,peripheral,0.2,58,0.036,"Выраженных признаков роли в доступной выборке нет. Вход: 0 пл., 0 KZT; выход: 0 пол., 0 KZT."
100000005496254100,terminal,0.55,1,0.2886,Получено 12 700 KZT от 1 плательщиков; исходящих переводов в выборке нет (колено 1).
100000005497148100,peripheral,0.2,6,0.3067,"Колено 4: исходящие переводы за пределом обхода неизвестны. Вход: 1 пл., 24 000 KZT; выход: 0 пол., 0 KZT."
100000005498992100,distributor,1,11,0.2261,"Распределяет средства 16 получателям. Вход: 0 пл., 0 KZT; выход: 16 пол., 2 262 868 KZT."
100000005505655100,peripheral,0.35,26,0.3855,"Выраженных признаков роли в доступной выборке нет. Вход: 2 пл., 33 070 KZT; выход: 1 пол., 20 000 KZT."
100000005507142100,peripheral,0.35,19,0.359,"Выраженных признаков роли в доступной выборке нет. Вход: 3 пл., 51 000 KZT; выход: 3 пол., 100 000 KZT."
100000005514161100,peripheral,0.35,11,0.5501,"Выраженных признаков роли в доступной выборке нет. Вход: 4 пл., 401 500 KZT; выход: 1 пол., 50 000 KZT."
100000005519347100,peripheral,0.35,2,0.2329,"Выраженных признаков роли в доступной выборке нет. Вход: 2 пл., 73 100 KZT; выход: 1 пол., 99 000 KZT."
100000005519998100,transit,0.8016,21,0.4191,"Наблюдаемый выход/вход 1.03. 33% исходящего объёма в дни притока или через 1–2 дня. Вход: 3 пл., 182 000 KZT; выход: 3 пол., 188 000 KZT."
100000005523088100,peripheral,0.35,2,0.2295,"Выраженных признаков роли в доступной выборке нет. Вход: 1 пл., 700 000 KZT; выход: 0 пол., 0 KZT."
100000005527892100,coordinator,0.93,3,0.6555,"Связи от 4 исходных клиентов; высокая посредническая роль. Вход: 3 пл., 220 001 KZT; выход: 8 пол., 552 419 KZT."
100000005530114100,peripheral,0.35,20,0.3366,"Выраженных признаков роли в доступной выборке нет. Вход: 2 пл., 136 970 KZT; выход: 1 пол., 25 000 KZT."
100000005532138100,terminal,0.55,10,0.299,Получено 25 046 KZT от 1 плательщиков; исходящих переводов в выборке нет (колено 3).
100000005539201100,peripheral,0.35,2,0.3727,"Выраженных признаков роли в доступной выборке нет. Вход: 1 пл., 45 504 KZT; выход: 1 пол., 25 000 KZT."
100000005539910100,peripheral,0.35,8,0.5135,"Выраженных признаков роли в доступной выборке нет. Вход: 1 пл., 102 000 KZT; выход: 2 пол., 22 000 KZT."
100000005543136100,peripheral,0.35,17,0.1192,"Выраженных признаков роли в доступной выборке нет. Вход: 0 пл., 0 KZT; выход: 1 пол., 10 000 KZT."
100000005546031100,peripheral,0.35,38,0.3341,"Выраженных признаков роли в доступной выборке нет. Вход: 3 пл., 66 800 KZT; выход: 1 пол., 8 000 KZT."
100000005547096100,peripheral,0.35,38,0.3422,"Выраженных признаков роли в доступной выборке нет. Вход: 1 пл., 8 000 KZT; выход: 2 пол., 226 300 KZT."
100000005550592100,peripheral,0.2,59,0.036,"Выраженных признаков роли в доступной выборке нет. Вход: 0 пл., 0 KZT; выход: 0 пол., 0 KZT."
100000005553088100,peripheral,0.2,14,0.2068,"Колено 4: исходящие переводы за пределом обхода неизвестны. Вход: 1 пл., 17 500 KZT; выход: 0 пол., 0 KZT."
100000005560900100,peripheral,0.2,60,0.036,"Выраженных признаков роли в доступной выборке нет. Вход: 0 пл., 0 KZT; выход: 0 пол., 0 KZT."
100000005561741100,terminal,0.55,11,0.3589,Получено 25 000 KZT от 1 плательщиков; исходящих переводов в выборке нет (колено 2).
100000005567828100,peripheral,0.2,9,0.2754,"Колено 4: исходящие переводы за пределом обхода неизвестны. Вход: 1 пл., 94 000 KZT; выход: 0 пол., 0 KZT."
100000005568407100,peripheral,0.2,61,0.036,"Выраженных признаков роли в доступной выборке нет. Вход: 0 пл., 0 KZT; выход: 0 пол., 0 KZT."
100000005572303100,peripheral,0.35,2,0.4372,"Выраженных признаков роли в доступной выборке нет. Вход: 1 пл., 75 000 KZT; выход: 1 пол., 20 000 KZT."
100000005578559100,coordinator,0.81,9,0.5674,"Связи от 2 исходных клиентов; высокая посредническая роль. Вход: 2 пл., 131 000 KZT; выход: 21 пол., 893 164 KZT."
100000005584222100,peripheral,0.35,1,0.3562,"Выраженных признаков роли в доступной выборке нет. Вход: 2 пл., 192 717 KZT; выход: 2 пол., 108 587 KZT."
100000005588444100,terminal,0.55,11,0.2881,Получено 12 300 KZT от 1 плательщиков; исходящих переводов в выборке нет (колено 1).
100000005589319100,peripheral,0.2,1,0.2116,"Колено 4: исходящие переводы за пределом обхода неизвестны. Вход: 1 пл., 26 000 KZT; выход: 0 пол., 0 KZT."
100000005602999100,peripheral,0.35,15,0.4862,"Выраженных признаков роли в доступной выборке нет. Вход: 1 пл., 5 000 KZT; выход: 2 пол., 16 000 KZT."
100000005608515100,terminal,0.55,11,0.3133,Получено 64 000 KZT от 1 плательщиков; исходящих переводов в выборке нет (колено 2).
100000005610717100,peripheral,0.35,4,0.4974,"Выраженных признаков роли в доступной выборке нет. Вход: 4 пл., 484 500 KZT; выход: 1 пол., 265 200 KZT."
100000005612411100,distributor,0.8351,19,0.5751,"Распределяет средства 8 получателям. Вход: 3 пл., 115 500 KZT; выход: 8 пол., 506 997 KZT."
100000005614315100,terminal,0.55,2,0.3433,Получено 455 000 KZT от 1 плательщиков; исходящих переводов в выборке нет (колено 2).
100000005616568100,peripheral,0.2,6,0.3445,"Колено 4: исходящие переводы за пределом обхода неизвестны. Вход: 1 пл., 530 000 KZT; выход: 0 пол., 0 KZT."
100000005619339100,transit,0.7148,2,0.379,"Наблюдаемый выход/вход 1.09. 0% исходящего объёма в дни притока или через 1–2 дня. Вход: 1 пл., 5 000 KZT; выход: 1 пол., 5 443 KZT."
100000005620225100,terminal,0.55,1,0.3265,Получено 49 846 KZT от 2 плательщиков; исходящих переводов в выборке нет (колено 1).
100000005621418100,peripheral,0.2,27,0.2134,"Колено 4: исходящие переводы за пределом обхода неизвестны. Вход: 1 пл., 30 000 KZT; выход: 0 пол., 0 KZT."
100000005628518100,terminal,0.55,16,0.3162,Получено 77 000 KZT от 1 плательщиков; исходящих переводов в выборке нет (колено 3).
100000005634552100,peripheral,0.35,1,0.4375,"Выраженных признаков роли в доступной выборке нет. Вход: 1 пл., 25 850 KZT; выход: 3 пол., 1 196 000 KZT."
100000005636951100,peripheral,0.2,11,0.2169,"Колено 4: исходящие переводы за пределом обхода неизвестны. Вход: 1 пл., 40 000 KZT; выход: 0 пол., 0 KZT."
100000005660203100,peripheral,0.35,2,0.4774,"Выраженных признаков роли в доступной выборке нет. Вход: 1 пл., 572 899 KZT; выход: 2 пол., 41 000 KZT."
100000005661528100,terminal,0.55,14,0.2989,Получено 25 000 KZT от 1 плательщиков; исходящих переводов в выборке нет (колено 3).
100000005661829100,transit,0.8326,16,0.3737,"Наблюдаемый выход/вход 1.07. 84% исходящего объёма в дни притока или через 1–2 дня. Вход: 1 пл., 37 790 KZT; выход: 2 пол., 40 362 KZT."
100000005664632100,terminal,0.55,8,0.5107,Получено 198 620 KZT от 1 плательщиков; исходящих переводов в выборке нет (колено 2).
100000005664922100,peripheral,0.35,23,0.3726,"Выраженных признаков роли в доступной выборке нет. Вход: 2 пл., 22 000 KZT; выход: 3 пол., 537 000 KZT."
100000005665181100,distributor,0.9368,18,0.5844,"Распределяет средства 11 получателям. Вход: 4 пл., 45 498 KZT; выход: 11 пол., 181 915 KZT."
100000005667841100,terminal,0.55,3,0.4066,Получено 186 000 KZT от 2 плательщиков; исходящих переводов в выборке нет (колено 3).
100000005668605100,peripheral,0.35,16,0.2287,"Выраженных признаков роли в доступной выборке нет. Вход: 3 пл., 94 500 KZT; выход: 0 пол., 0 KZT."
100000005669845100,terminal,0.55,28,0.2955,Получено 20 000 KZT от 1 плательщиков; исходящих переводов в выборке нет (колено 1).
100000005674387100,terminal,0.55,7,0.2997,Получено 26 200 KZT от 1 плательщиков; исходящих переводов в выборке нет (колено 3).
100000005685783100,peripheral,0.2,7,0.2117,"Колено 4: исходящие переводы за пределом обхода неизвестны. Вход: 1 пл., 26 150 KZT; выход: 0 пол., 0 KZT."
100000005704413100,coordinator,0.85,9,0.6294,"Связи от 2 исходных клиентов; высокая посредническая роль. Вход: 3 пл., 97 835 KZT; выход: 32 пол., 1 363 593 KZT."
100000005709551100,terminal,0.55,1,0.4187,Получено 24 560 KZT от 1 плательщиков; исходящих переводов в выборке нет (колено 3).
100000005711521100,peripheral,0.2,1,0.2867,"Колено 4: исходящие переводы за пределом обхода неизвестны. Вход: 1 пл., 238 000 KZT; выход: 0 пол., 0 KZT."
100000005723580100,peripheral,0.2,3,0.2153,"Колено 4: исходящие переводы за пределом обхода неизвестны. Вход: 1 пл., 35 000 KZT; выход: 0 пол., 0 KZT."
100000005730108100,terminal,0.55,4,0.3415,Получено 8 000 KZT от 1 плательщиков; исходящих переводов в выборке нет (колено 2).
100000005744674100,peripheral,0.35,2,0.1303,"Выраженных признаков роли в доступной выборке нет. Вход: 0 пл., 0 KZT; выход: 1 пол., 50 066 KZT."
100000005745873100,peripheral,0.2,4,0.2859,"Колено 4: исходящие переводы за пределом обхода неизвестны. Вход: 1 пл., 223 000 KZT; выход: 0 пол., 0 KZT."
100000005754335100,terminal,0.55,17,0.3076,Получено 44 037 KZT от 1 плательщиков; исходящих переводов в выборке нет (колено 3).
100000005756189100,peripheral,0.35,6,0.4396,"Выраженных признаков роли в доступной выборке нет. Вход: 1 пл., 65 000 KZT; выход: 1 пол., 49 050 KZT."
100000005756535100,terminal,0.55,5,0.2955,Получено 20 000 KZT от 1 плательщиков; исходящих переводов в выборке нет (колено 3).
100000005767403100,peripheral,0.2,21,0.2575,"Колено 4: исходящие переводы за пределом обхода неизвестны. Вход: 1 пл., 1 100 000 KZT; выход: 0 пол., 0 KZT."
100000005778283100,terminal,0.55,10,0.557,Получено 615 760 KZT от 3 плательщиков; исходящих переводов в выборке нет (колено 1).
100000005782781100,coordinator,1,10,0.6282,"Связи от 3 исходных клиентов; высокая посредническая роль. Вход: 6 пл., 171 888 KZT; выход: 10 пол., 1 263 597 KZT."
100000005782886100,peripheral,0.2,3,0.2521,"Колено 4: исходящие переводы за пределом обхода неизвестны. Вход: 1 пл., 14 000 KZT; выход: 0 пол., 0 KZT."
100000005783452100,peripheral,0.2,3,0.3026,"Колено 4: исходящие переводы за пределом обхода неизвестны. Вход: 2 пл., 286 500 KZT; выход: 0 пол., 0 KZT."
100000005799271100,terminal,0.55,16,0.4879,Получено 45 000 KZT от 1 плательщиков; исходящих переводов в выборке нет (колено 2).
100000005807278100,terminal,0.55,37,0.2822,Получено 8 385 KZT от 1 плательщиков; исходящих переводов в выборке нет (колено 1).
100000005809252100,terminal,0.55,6,0.4189,Получено 25 000 KZT от 1 плательщиков; исходящих переводов в выборке нет (колено 2).
100000005815602100,peripheral,0.35,2,0.387,"Выраженных признаков роли в доступной выборке нет. Вход: 1 пл., 20 000 KZT; выход: 1 пол., 165 000 KZT."
100000005820746100,peripheral,0.35,23,0.3633,"Выраженных признаков роли в доступной выборке нет. Вход: 1 пл., 1 989 000 KZT; выход: 1 пол., 60 000 KZT."
100000005830339100,consolidator,0.83,8,0.4928,"Получает от 5 разных плательщиков; связи от 2 исходных клиентов. Вход: 5 пл., 476 341 KZT; выход: 1 пол., 339 251 KZT."
100000005834479100,peripheral,0.35,10,0.366,"Выраженных признаков роли в доступной выборке нет. Вход: 1 пл., 7 500 KZT; выход: 2 пол., 14 470 KZT."
100000005844459100,terminal,0.55,1,0.4107,Получено 243 400 KZT от 2 плательщиков; исходящих переводов в выборке нет (колено 1).
100000005847078100,terminal,0.55,7,0.2924,Получено 16 300 KZT от 1 плательщиков; исходящих переводов в выборке нет (колено 3).
100000005849100100,terminal,0.55,8,0.4833,Получено 33 300 KZT от 1 плательщиков; исходящих переводов в выборке нет (колено 2).
100000005849862100,peripheral,0.2,10,0.2032,"Колено 4: исходящие переводы за пределом обхода неизвестны. Вход: 1 пл., 13 000 KZT; выход: 0 пол., 0 KZT."
100000005852946100,terminal,0.55,8,0.4782,Получено 23 746 KZT от 1 плательщиков; исходящих переводов в выборке нет (колено 1).
100000005857058100,terminal,0.55,2,0.4658,Получено 80 222 KZT от 3 плательщиков; исходящих переводов в выборке нет (колено 3).
100000005873152100,transit,0.79,15,0.5165,"Наблюдаемый выход/вход 1.00. 0% исходящего объёма в дни притока или через 1–2 дня. Вход: 1 пл., 10 000 KZT; выход: 1 пол., 10 000 KZT."
100000005877725100,terminal,0.55,5,0.3147,Получено 70 000 KZT от 1 плательщиков; исходящих переводов в выборке нет (колено 1).
100000005878334100,peripheral,0.2,14,0.2728,"Колено 4: исходящие переводы за пределом обхода неизвестны. Вход: 1 пл., 76 400 KZT; выход: 0 пол., 0 KZT."
100000005882013100,peripheral,0.35,32,0.5149,"Выраженных признаков роли в доступной выборке нет. Вход: 2 пл., 135 000 KZT; выход: 1 пол., 10 000 KZT."
100000005888829100,peripheral,0.2,3,0.2844,"Колено 4: исходящие переводы за пределом обхода неизвестны. Вход: 1 пл., 197 000 KZT; выход: 0 пол., 0 KZT."
100000005893892100,terminal,0.55,6,0.4406,Получено 102 780 KZT от 1 плательщиков; исходящих переводов в выборке нет (колено 3).
100000005895525100,terminal,0.55,37,0.3229,Получено 120 000 KZT от 1 плательщиков; исходящих переводов в выборке нет (колено 1).
100000005897462100,terminal,0.55,15,0.4999,Получено 98 400 KZT от 1 плательщиков; исходящих переводов в выборке нет (колено 1).
100000005901606100,terminal,0.55,5,0.3044,Получено 35 660 KZT от 1 плательщиков; исходящих переводов в выборке нет (колено 1).
100000005904580100,terminal,0.55,13,0.3321,Получено 72 000 KZT от 2 плательщиков; исходящих переводов в выборке нет (колено 2).
100000005910114100,coordinator,0.93,1,0.8149,"Связи от 4 исходных клиентов; высокая посредническая роль. Вход: 3 пл., 326 144 KZT; выход: 19 пол., 1 469 993 KZT."
100000005910895100,peripheral,0.2,15,0.1917,"Колено 4: исходящие переводы за пределом обхода неизвестны. Вход: 1 пл., 5 100 KZT; выход: 0 пол., 0 KZT."
100000005911352100,peripheral,0.35,2,0.3339,"Выраженных признаков роли в доступной выборке нет. Вход: 2 пл., 15 000 KZT; выход: 3 пол., 24 000 KZT."
100000005931985100,terminal,0.55,13,0.316,Получено 76 000 KZT от 1 плательщиков; исходящих переводов в выборке нет (колено 2).
100000005932987100,terminal,0.55,21,0.2989,Получено 25 000 KZT от 1 плательщиков; исходящих переводов в выборке нет (колено 2).
100000005933757100,coordinator,0.89,9,0.6827,"Связи от 2 исходных клиентов; высокая посредническая роль. Вход: 4 пл., 1 246 000 KZT; выход: 34 пол., 3 002 628 KZT."
100000005939154100,terminal,0.55,2,0.417,Получено 22 000 KZT от 1 плательщиков; исходящих переводов в выборке нет (колено 2).
100000005940652100,terminal,0.55,1,0.4623,Получено 8 395 KZT от 1 плательщиков; исходящих переводов в выборке нет (колено 1).
100000005941908100,terminal,0.55,9,0.3449,Получено 10 000 KZT от 1 плательщиков; исходящих переводов в выборке нет (колено 3).
100000005942793100,terminal,0.55,1,0.4694,Получено 55 000 KZT от 4 плательщиков; исходящих переводов в выборке нет (колено 2).
100000005958064100,peripheral,0.35,9,0.3978,"Выраженных признаков роли в доступной выборке нет. Вход: 1 пл., 5 746 KZT; выход: 2 пол., 163 987 KZT."
100000005961971100,terminal,0.55,5,0.3087,Получено 47 353 KZT от 1 плательщиков; исходящих переводов в выборке нет (колено 1).
100000005974542100,terminal,0.55,22,0.3793,Получено 94 500 KZT от 1 плательщиков; исходящих переводов в выборке нет (колено 3).
100000005979037100,peripheral,0.2,10,0.2219,"Колено 4: исходящие переводы за пределом обхода неизвестны. Вход: 1 пл., 60 300 KZT; выход: 0 пол., 0 KZT."
100000005995391100,terminal,0.55,7,0.2932,Получено 17 200 KZT от 1 плательщиков; исходящих переводов в выборке нет (колено 3).
100000005996909100,terminal,0.55,2,0.3358,Получено 5 500 KZT от 1 плательщиков; исходящих переводов в выборке нет (колено 3).
100000006008169100,terminal,0.55,13,0.3147,Получено 70 000 KZT от 1 плательщиков; исходящих переводов в выборке нет (колено 1).
100000006020215100,transit,0.6823,1,0.4769,"Наблюдаемый выход/вход 1.13. 0% исходящего объёма в дни притока или через 1–2 дня. Вход: 1 пл., 30 000 KZT; выход: 2 пол., 33 800 KZT."
100000006030946100,terminal,0.55,5,0.3154,Получено 73 289 KZT от 1 плательщиков; исходящих переводов в выборке нет (колено 1).
100000006048193100,terminal,0.55,4,0.3667,Получено 41 559 KZT от 1 плательщиков; исходящих переводов в выборке нет (колено 3).
100000006069103100,transit,0.657,2,0.4692,"Наблюдаемый выход/вход 1.18. 17% исходящего объёма в дни притока или через 1–2 дня. Вход: 3 пл., 228 818 KZT; выход: 3 пол., 270 000 KZT."
100000006100920100,terminal,0.55,1,0.3202,Получено 100 000 KZT от 1 плательщиков; исходящих переводов в выборке нет (колено 3).
100000006111439100,transit,0.6483,1,0.436,"Наблюдаемый выход/вход 1.17. 0% исходящего объёма в дни притока или через 1–2 дня. Вход: 3 пл., 20 570 KZT; выход: 4 пол., 24 000 KZT."
100000006111442100,terminal,0.55,3,0.3133,Получено 64 000 KZT от 1 плательщиков; исходящих переводов в выборке нет (колено 3).
100000006122699100,terminal,0.55,2,0.3852,Получено 45 865 KZT от 2 плательщиков; исходящих переводов в выборке нет (колено 2).
100000006126743100,terminal,0.55,6,0.431,Получено 55 000 KZT от 1 плательщиков; исходящих переводов в выборке нет (колено 3).
100000006161893100,terminal,0.55,2,0.2901,Получено 14 000 KZT от 1 плательщиков; исходящих переводов в выборке нет (колено 2).
100000006165886100,peripheral,0.35,4,0.4038,"Выраженных признаков роли в доступной выборке нет. Вход: 2 пл., 184 481 KZT; выход: 1 пол., 75 000 KZT."
100000006169033100,peripheral,0.35,17,0.3773,"Выраженных признаков роли в доступной выборке нет. Вход: 1 пл., 49 000 KZT; выход: 3 пол., 1 140 271 KZT."
100000006171671100,peripheral,0.2,4,0.2479,"Колено 4: исходящие переводы за пределом обхода неизвестны. Вход: 1 пл., 10 000 KZT; выход: 0 пол., 0 KZT."
100000006177176100,terminal,0.55,2,0.3432,Получено 8 911 KZT от 1 плательщиков; исходящих переводов в выборке нет (колено 1).
100000006209210100,terminal,0.55,10,0.3328,Получено 229 111 KZT от 1 плательщиков; исходящих переводов в выборке нет (колено 3).
100000006225798100,peripheral,0.35,20,0.4978,"Выраженных признаков роли в доступной выборке нет. Вход: 3 пл., 722 000 KZT; выход: 2 пол., 26 300 KZT."
100000006232642100,peripheral,0.2,17,0.2467,"Колено 4: исходящие переводы за пределом обхода неизвестны. Вход: 1 пл., 456 000 KZT; выход: 0 пол., 0 KZT."
100000006232815100,peripheral,0.35,28,0.1691,"Выраженных признаков роли в доступной выборке нет. Вход: 1 пл., 160 000 KZT; выход: 5 пол., 296 500 KZT."
100000006240939100,peripheral,0.35,11,0.3869,"Выраженных признаков роли в доступной выборке нет. Вход: 1 пл., 160 000 KZT; выход: 5 пол., 778 015 KZT."
100000006248077100,terminal,0.55,8,0.4896,Получено 50 000 KZT от 1 плательщиков; исходящих переводов в выборке нет (колено 2).
100000006249740100,peripheral,0.35,41,0.1476,"Выраженных признаков роли в доступной выборке нет. Вход: 0 пл., 0 KZT; выход: 3 пол., 93 007 KZT."
100000006257675100,peripheral,0.2,25,0.2238,"Колено 4: исходящие переводы за пределом обхода неизвестны. Вход: 1 пл., 70 000 KZT; выход: 0 пол., 0 KZT."
100000006274203100,peripheral,0.35,16,0.5813,"Выраженных признаков роли в доступной выборке нет. Вход: 2 пл., 3 417 512 KZT; выход: 3 пол., 72 000 KZT."
100000006288612100,peripheral,0.2,13,0.2137,"Колено 4: исходящие переводы за пределом обхода неизвестны. Вход: 1 пл., 30 805 KZT; выход: 0 пол., 0 KZT."
100000006308406100,peripheral,0.2,25,0.2355,"Колено 4: исходящие переводы за пределом обхода неизвестны. Вход: 1 пл., 183 000 KZT; выход: 0 пол., 0 KZT."
100000006326645100,terminal,0.55,5,0.2991,Получено 25 264 KZT от 1 плательщиков; исходящих переводов в выборке нет (колено 1).
100000006351075100,peripheral,0.2,4,0.2649,"Колено 4: исходящие переводы за пределом обхода неизвестны. Вход: 1 пл., 40 000 KZT; выход: 0 пол., 0 KZT."
100000006369769100,terminal,0.55,5,0.3061,Получено 40 000 KZT от 1 плательщиков; исходящих переводов в выборке нет (колено 1).
100000006381453100,peripheral,0.2,3,0.2184,"Колено 4: исходящие переводы за пределом обхода неизвестны. Вход: 1 пл., 45 000 KZT; выход: 0 пол., 0 KZT."
100000006385877100,peripheral,0.35,11,0.3156,"Выраженных признаков роли в доступной выборке нет. Вход: 1 пл., 53 707 KZT; выход: 1 пол., 36 603 KZT."
100000006412162100,peripheral,0.2,12,0.2049,"Колено 4: исходящие переводы за пределом обхода неизвестны. Вход: 1 пл., 15 000 KZT; выход: 0 пол., 0 KZT."
100000006416061100,peripheral,0.2,10,0.2134,"Колено 4: исходящие переводы за пределом обхода неизвестны. Вход: 1 пл., 30 000 KZT; выход: 0 пол., 0 KZT."
100000006424479100,peripheral,0.35,32,0.541,"Выраженных признаков роли в доступной выборке нет. Вход: 1 пл., 500 000 KZT; выход: 2 пол., 220 000 KZT."
100000006443391100,peripheral,0.35,11,0.352,"Выраженных признаков роли в доступной выборке нет. Вход: 3 пл., 86 776 KZT; выход: 2 пол., 60 042 KZT."
100000006444163100,terminal,0.55,17,0.2772,Получено 6 026 KZT от 1 плательщиков; исходящих переводов в выборке нет (колено 3).
100000006445501100,terminal,0.55,15,0.4987,Получено 91 000 KZT от 1 плательщиков; исходящих переводов в выборке нет (колено 1).
100000006446271100,terminal,0.55,8,0.5137,Получено 80 000 KZT от 2 плательщиков; исходящих переводов в выборке нет (колено 1).
100000006471232100,terminal,0.55,7,0.3068,Получено 41 800 KZT от 1 плательщиков; исходящих переводов в выборке нет (колено 3).
100000006476758100,terminal,0.55,15,0.3349,Получено 5 200 KZT от 1 плательщиков; исходящих переводов в выборке нет (колено 3).
100000006490557100,terminal,0.55,11,0.2743,Получено 5 000 KZT от 1 плательщиков; исходящих переводов в выборке нет (колено 2).
100000006490615100,peripheral,0.2,1,0.2654,"Колено 4: исходящие переводы за пределом обхода неизвестны. Вход: 1 пл., 41 600 KZT; выход: 0 пол., 0 KZT."
100000006491272100,terminal,0.55,7,0.2997,Получено 26 200 KZT от 1 плательщиков; исходящих переводов в выборке нет (колено 3).
100000006491963100,peripheral,0.2,12,0.2057,"Колено 4: исходящие переводы за пределом обхода неизвестны. Вход: 1 пл., 16 000 KZT; выход: 0 пол., 0 KZT."
100000006492770100,peripheral,0.35,4,0.3938,"Выраженных признаков роли в доступной выборке нет. Вход: 1 пл., 269 000 KZT; выход: 1 пол., 20 000 KZT."
100000006512787100,peripheral,0.2,4,0.2564,"Колено 4: исходящие переводы за пределом обхода неизвестны. Вход: 1 пл., 20 000 KZT; выход: 0 пол., 0 KZT."
100000006518161100,transit,0.8733,2,0.5577,"Наблюдаемый выход/вход 1.00. 71% исходящего объёма в дни притока или через 1–2 дня. Вход: 3 пл., 594 200 KZT; выход: 2 пол., 595 899 KZT."
100000006522972100,terminal,0.55,18,0.2842,Получено 9 515 KZT от 1 плательщиков; исходящих переводов в выборке нет (колено 3).
100000006523053100,terminal,0.55,8,0.4543,Получено 5 000 KZT от 1 плательщиков; исходящих переводов в выборке нет (колено 2).
100000006527156100,peripheral,0.2,1,0.2193,"Колено 4: исходящие переводы за пределом обхода неизвестны. Вход: 1 пл., 48 500 KZT; выход: 0 пол., 0 KZT."
100000006530134100,terminal,0.55,6,0.4628,Получено 144 663 KZT от 2 плательщиков; исходящих переводов в выборке нет (колено 3).
100000006532229100,terminal,0.55,3,0.4409,Получено 105 000 KZT от 1 плательщиков; исходящих переводов в выборке нет (колено 3).
100000006534886100,peripheral,0.35,2,0.3305,"Выраженных признаков роли в доступной выборке нет. Вход: 1 пл., 71 700 KZT; выход: 1 пол., 167 500 KZT."
100000006557763100,terminal,0.55,8,0.4649,Получено 10 000 KZT от 1 плательщиков; исходящих переводов в выборке нет (колено 2).
100000006562026100,terminal,0.55,41,0.3927,Получено 75 000 KZT от 2 плательщиков; исходящих переводов в выборке нет (колено 1).
100000006564102100,terminal,0.55,1,0.4531,Получено 233 235 KZT от 1 плательщиков; исходящих переводов в выборке нет (колено 2).
100000006567935100,terminal,0.55,12,0.4508,Получено 200 000 KZT от 1 плательщиков; исходящих переводов в выборке нет (колено 2).
100000006573438100,terminal,0.55,17,0.2743,Получено 5 000 KZT от 1 плательщиков; исходящих переводов в выборке нет (колено 3).
100000006579678100,peripheral,0.35,2,0.4779,"Выраженных признаков роли в доступной выборке нет. Вход: 2 пл., 192 930 KZT; выход: 6 пол., 1 668 800 KZT."
100000006595426100,terminal,0.55,1,0.3176,Получено 84 800 KZT от 1 плательщиков; исходящих переводов в выборке нет (колено 2).
100000006612238100,peripheral,0.35,5,0.3265,"Выраженных признаков роли в доступной выборке нет. Вход: 1 пл., 160 000 KZT; выход: 1 пол., 25 000 KZT."
100000006638021100,peripheral,0.2,3,0.3063,"Колено 4: исходящие переводы за пределом обхода неизвестны. Вход: 2 пл., 388 500 KZT; выход: 0 пол., 0 KZT."
100000006641671100,transit,0.7701,10,0.3597,"Наблюдаемый выход/вход 1.14. 80% исходящего объёма в дни притока или через 1–2 дня. Вход: 2 пл., 22 000 KZT; выход: 1 пол., 25 000 KZT."
100000006656003100,peripheral,0.35,5,0.2982,"Выраженных признаков роли в доступной выборке нет. Вход: 1 пл., 20 000 KZT; выход: 1 пол., 9 000 KZT."
100000006658598100,terminal,0.55,2,0.3433,Получено 9 000 KZT от 1 плательщиков; исходящих переводов в выборке нет (колено 1).
100000006664478100,transit,0.7927,11,0.3756,"Наблюдаемый выход/вход 1.09. 67% исходящего объёма в дни притока или через 1–2 дня. Вход: 1 пл., 55 000 KZT; выход: 2 пол., 60 000 KZT."
100000006679055100,terminal,0.55,1,0.4189,Получено 25 000 KZT от 1 плательщиков; исходящих переводов в выборке нет (колено 2).
100000006684930100,terminal,0.55,32,0.4649,Получено 10 000 KZT от 1 плательщиков; исходящих переводов в выборке нет (колено 2).
100000006687202100,terminal,0.55,1,0.3096,Получено 50 000 KZT от 1 плательщиков; исходящих переводов в выборке нет (колено 1).
100000006689603100,peripheral,0.2,14,0.2451,"Колено 4: исходящие переводы за пределом обхода неизвестны. Вход: 1 пл., 400 000 KZT; выход: 0 пол., 0 KZT."
100000006693788100,peripheral,0.2,4,0.2008,"Колено 4: исходящие переводы за пределом обхода неизвестны. Вход: 1 пл., 10 764 KZT; выход: 0 пол., 0 KZT."
100000006701983100,terminal,0.55,7,0.3001,Получено 27 000 KZT от 1 плательщиков; исходящих переводов в выборке нет (колено 3).
100000006704530100,transit,0.7475,27,0.4128,"Наблюдаемый выход/вход 0.95. 0% исходящего объёма в дни притока или через 1–2 дня. Вход: 1 пл., 450 500 KZT; выход: 3 пол., 428 000 KZT."
100000006706519100,peripheral,0.2,4,0.2636,"Колено 4: исходящие переводы за пределом обхода неизвестны. Вход: 1 пл., 36 000 KZT; выход: 0 пол., 0 KZT."
100000006707582100,distributor,1,9,0.4981,"Распределяет средства 14 получателям. Вход: 2 пл., 39 520 KZT; выход: 14 пол., 961 138 KZT."
100000006710485100,terminal,0.55,7,0.2955,Получено 20 000 KZT от 1 плательщиков; исходящих переводов в выборке нет (колено 3).
100000006714366100,peripheral,0.35,1,0.409,"Выраженных признаков роли в доступной выборке нет. Вход: 1 пл., 10 500 KZT; выход: 1 пол., 5 000 KZT."
100000006734214100,consolidator,0.87,6,0.565,"Получает от 5 разных плательщиков; связи от 3 исходных клиентов. Вход: 5 пл., 610 000 KZT; выход: 3 пол., 36 000 KZT."
100000006734554100,peripheral,0.35,28,0.3037,"Выраженных признаков роли в доступной выборке нет. Вход: 1 пл., 16 500 KZT; выход: 1 пол., 25 000 KZT."
100000006735545100,peripheral,0.2,1,0.2875,"Колено 4: исходящие переводы за пределом обхода неизвестны. Вход: 1 пл., 5 000 KZT; выход: 0 пол., 0 KZT."
100000006745291100,terminal,0.55,15,0.4972,Получено 82 534 KZT от 1 плательщиков; исходящих переводов в выборке нет (колено 1).
100000006746688100,terminal,0.55,7,0.3065,Получено 41 000 KZT от 1 плательщиков; исходящих переводов в выборке нет (колено 3).
100000006755850100,terminal,0.55,15,0.5229,Получено 443 476 KZT от 1 плательщиков; исходящих переводов в выборке нет (колено 2).
100000006756956100,peripheral,0.2,1,0.3265,"Колено 4: исходящие переводы за пределом обхода неизвестны. Вход: 1 пл., 121 200 KZT; выход: 0 пол., 0 KZT."
100000006787636100,terminal,0.55,2,0.2955,Получено 20 000 KZT от 1 плательщиков; исходящих переводов в выборке нет (колено 2).
100000006788200100,peripheral,0.35,10,0.4989,"Выраженных признаков роли в доступной выборке нет. Вход: 4 пл., 272 156 KZT; выход: 3 пол., 64 500 KZT."
100000006789108100,terminal,0.55,15,0.4852,Получено 37 500 KZT от 1 плательщиков; исходящих переводов в выборке нет (колено 1).
100000006831291100,peripheral,0.35,41,0.122,"Выраженных признаков роли в доступной выборке нет. Вход: 0 пл., 0 KZT; выход: 1 пол., 15 000 KZT."
100000006844004100,terminal,0.55,10,0.296,Получено 20 600 KZT от 1 плательщиков; исходящих переводов в выборке нет (колено 3).
100000006844768100,peripheral,0.35,4,0.4737,"Выраженных признаков роли в доступной выборке нет. Вход: 1 пл., 282 000 KZT; выход: 2 пол., 188 000 KZT."
100000006852430100,terminal,0.55,15,0.4849,Получено 37 000 KZT от 1 плательщиков; исходящих переводов в выборке нет (колено 2).
100000006866783100,coordinator,1,1,0.4023,"Связи от 4 исходных клиентов; высокая посредническая роль. Вход: 13 пл., 838 812 KZT; выход: 67 пол., 3 948 037 KZT."
100000006866831100,peripheral,0.2,10,0.2061,"Колено 4: исходящие переводы за пределом обхода неизвестны. Вход: 1 пл., 16 500 KZT; выход: 0 пол., 0 KZT."
100000006882208100,terminal,0.55,2,0.3539,Получено 18 000 KZT от 1 плательщиков; исходящих переводов в выборке нет (колено 3).
100000006888238100,peripheral,0.35,43,0.3059,"Выраженных признаков роли в доступной выборке нет. Вход: 1 пл., 18 000 KZT; выход: 1 пол., 30 000 KZT."
100000006889963100,peripheral,0.35,15,0.5715,"Выраженных признаков роли в доступной выборке нет. Вход: 4 пл., 1 431 000 KZT; выход: 1 пол., 443 476 KZT."
100000006894637100,terminal,0.55,4,0.3104,Получено 52 831 KZT от 1 плательщиков; исходящих переводов в выборке нет (колено 3).
100000006901046100,peripheral,0.35,2,0.314,"Выраженных признаков роли в доступной выборке нет. Вход: 1 пл., 75 800 KZT; выход: 1 пол., 5 500 KZT."
100000006903193100,peripheral,0.2,4,0.2467,"Колено 4: исходящие переводы за пределом обхода неизвестны. Вход: 1 пл., 9 000 KZT; выход: 0 пол., 0 KZT."
100000006912294100,peripheral,0.35,11,0.3137,"Выраженных признаков роли в доступной выборке нет. Вход: 1 пл., 6 335 KZT; выход: 2 пол., 30 000 KZT."
100000006918814100,peripheral,0.2,1,0.2084,"Колено 4: исходящие переводы за пределом обхода неизвестны. Вход: 1 пл., 20 000 KZT; выход: 0 пол., 0 KZT."
100000006919124100,terminal,0.55,4,0.3589,Получено 25 000 KZT от 1 плательщиков; исходящих переводов в выборке нет (колено 3).
100000006952718100,terminal,0.55,2,0.375,Получено 71 489 KZT от 1 плательщиков; исходящих переводов в выборке нет (колено 1).
100000006965162100,terminal,0.55,21,0.2849,Получено 10 000 KZT от 1 плательщиков; исходящих переводов в выборке нет (колено 3).
100000006967370100,peripheral,0.35,6,0.3059,"Выраженных признаков роли в доступной выборке нет. Вход: 1 пл., 33 225 KZT; выход: 1 пол., 13 526 KZT."
100000006972210100,terminal,0.55,11,0.5534,Получено 488 775 KZT от 3 плательщиков; исходящих переводов в выборке нет (колено 1).
100000006977207100,distributor,1,14,0.5139,"Распределяет средства 15 получателям. Вход: 1 пл., 414 000 KZT; выход: 15 пол., 4 157 018 KZT."
100000006989106100,terminal,0.55,11,0.3133,Получено 64 000 KZT от 1 плательщиков; исходящих переводов в выборке нет (колено 2).
100000006989232100,terminal,0.55,4,0.2971,Получено 22 194 KZT от 1 плательщиков; исходящих переводов в выборке нет (колено 3).
100000006994985100,peripheral,0.35,10,0.4294,"Выраженных признаков роли в доступной выборке нет. Вход: 1 пл., 48 500 KZT; выход: 1 пол., 10 200 KZT."
100000007005380100,terminal,0.55,18,0.284,Получено 9 400 KZT от 1 плательщиков; исходящих переводов в выборке нет (колено 3).
100000007018630100,peripheral,0.35,44,0.1398,"Выраженных признаков роли в доступной выборке нет. Вход: 0 пл., 0 KZT; выход: 1 пол., 200 000 KZT."
100000007020162100,terminal,0.55,9,0.3179,Получено 86 395 KZT от 1 плательщиков; исходящих переводов в выборке нет (колено 3).
100000007022818100,terminal,0.55,7,0.2932,Получено 17 200 KZT от 1 плательщиков; исходящих переводов в выборке нет (колено 3).
100000007034089100,peripheral,0.2,3,0.2981,"Колено 4: исходящие переводы за пределом обхода неизвестны. Вход: 2 пл., 198 000 KZT; выход: 0 пол., 0 KZT."
100000007042175100,peripheral,0.2,4,0.2699,"Колено 4: исходящие переводы за пределом обхода неизвестны. Вход: 1 пл., 60 000 KZT; выход: 0 пол., 0 KZT."
100000007055802100,consolidator,0.91,1,0.5843,"Получает от 6 разных плательщиков; связи от 3 исходных клиентов. Вход: 6 пл., 2 024 999 KZT; выход: 1 пол., 605 000 KZT."
100000007071852100,peripheral,0.2,4,0.2843,"Колено 4: исходящие переводы за пределом обхода неизвестны. Вход: 1 пл., 195 000 KZT; выход: 0 пол., 0 KZT."
100000007129492100,peripheral,0.35,15,0.5078,"Выраженных признаков роли в доступной выборке нет. Вход: 2 пл., 50 990 KZT; выход: 1 пол., 37 000 KZT."
100000007131370100,transit,0.79,34,0.4733,"Наблюдаемый выход/вход 1.00. 0% исходящего объёма в дни притока или через 1–2 дня. Вход: 1 пл., 30 000 KZT; выход: 1 пол., 30 000 KZT."
100000007138613100,peripheral,0.35,4,0.5048,"Выраженных признаков роли в доступной выборке нет. Вход: 3 пл., 1 002 000 KZT; выход: 2 пол., 179 000 KZT."
100000007140834100,terminal,0.55,10,0.2852,Получено 10 200 KZT от 1 плательщиков; исходящих переводов в выборке нет (колено 3).
100000007153161100,peripheral,0.2,4,0.2664,"Колено 4: исходящие переводы за пределом обхода неизвестны. Вход: 1 пл., 44 997 KZT; выход: 0 пол., 0 KZT."
100000007170072100,transit,0.9057,14,0.3962,"Наблюдаемый выход/вход 0.99. 100% исходящего объёма в дни притока или через 1–2 дня. Вход: 1 пл., 100 000 KZT; выход: 2 пол., 99 500 KZT."
100000007173936100,terminal,0.55,12,0.4049,Получено 10 000 KZT от 1 плательщиков; исходящих переводов в выборке нет (колено 2).
100000007175718100,terminal,0.55,37,0.2955,Получено 20 000 KZT от 1 плательщиков; исходящих переводов в выборке нет (колено 1).
100000007181706100,terminal,0.55,8,0.5258,Получено 176 272 KZT от 2 плательщиков; исходящих переводов в выборке нет (колено 1).
100000007197866100,peripheral,0.35,10,0.3015,"Выраженных признаков роли в доступной выборке нет. Вход: 1 пл., 20 000 KZT; выход: 1 пол., 15 000 KZT."
100000007229557100,terminal,0.55,3,0.5624,Получено 878 000 KZT от 3 плательщиков; исходящих переводов в выборке нет (колено 3).
100000007242833100,peripheral,0.35,13,0.444,"Выраженных признаков роли в доступной выборке нет. Вход: 1 пл., 107 500 KZT; выход: 1 пол., 45 000 KZT."
100000007267915100,peripheral,0.35,20,0.3113,"Выраженных признаков роли в доступной выборке нет. Вход: 2 пл., 21 000 KZT; выход: 1 пол., 10 000 KZT."
100000007274584100,terminal,0.55,8,0.4854,Получено 38 000 KZT от 1 плательщиков; исходящих переводов в выборке нет (колено 1).
100000007281639100,terminal,0.55,2,0.469,Получено 216 770 KZT от 2 плательщиков; исходящих переводов в выборке нет (колено 1).
100000007283257100,terminal,0.55,45,0.3301,Получено 192 000 KZT от 1 плательщиков; исходящих переводов в выборке нет (колено 1).
100000007289427100,terminal,0.55,19,0.2881,Получено 12 300 KZT от 1 плательщиков; исходящих переводов в выборке нет (колено 2).
100000007303047100,terminal,0.55,7,0.3102,Получено 52 250 KZT от 1 плательщиков; исходящих переводов в выборке нет (колено 3).
100000007311010100,peripheral,0.35,8,0.5071,"Выраженных признаков роли в доступной выборке нет. Вход: 2 пл., 64 480 KZT; выход: 1 пол., 20 000 KZT."
100000007322059100,peripheral,0.35,19,0.3199,"Выраженных признаков роли в доступной выборке нет. Вход: 2 пл., 29 000 KZT; выход: 1 пол., 22 500 KZT."
100000007330432100,peripheral,0.2,2,0.2497,"Колено 4: исходящие переводы за пределом обхода неизвестны. Вход: 1 пл., 584 900 KZT; выход: 0 пол., 0 KZT."
100000007333038100,peripheral,0.35,12,0.3193,"Выраженных признаков роли в доступной выборке нет. Вход: 1 пл., 17 500 KZT; выход: 2 пол., 34 994 KZT."
100000007334196100,terminal,0.55,15,0.5064,Получено 150 002 KZT от 1 плательщиков; исходящих переводов в выборке нет (колено 1).
100000007337374100,terminal,0.55,5,0.2955,Получено 20 000 KZT от 1 плательщиков; исходящих переводов в выборке нет (колено 2).
100000007347733100,terminal,0.55,41,0.2977,Получено 23 007 KZT от 1 плательщиков; исходящих переводов в выборке нет (колено 1).
100000007357489100,peripheral,0.2,3,0.2958,"Колено 4: исходящие переводы за пределом обхода неизвестны. Вход: 2 пл., 164 500 KZT; выход: 0 пол., 0 KZT."
100000007381662100,peripheral,0.2,4,0.2491,"Колено 4: исходящие переводы за пределом обхода неизвестны. Вход: 1 пл., 11 000 KZT; выход: 0 пол., 0 KZT."
100000007382152100,terminal,0.55,1,0.3368,Получено 5 860 KZT от 1 плательщиков; исходящих переводов в выборке нет (колено 2).
100000007382543100,peripheral,0.35,21,0.3971,"Выраженных признаков роли в доступной выборке нет. Вход: 3 пл., 218 000 KZT; выход: 5 пол., 427 000 KZT."
100000007390016100,peripheral,0.35,17,0.47,"Выраженных признаков роли в доступной выборке нет. Вход: 1 пл., 511 000 KZT; выход: 1 пол., 346 500 KZT."
100000007392365100,peripheral,0.35,4,0.4648,"Выраженных признаков роли в доступной выборке нет. Вход: 1 пл., 9 613 KZT; выход: 6 пол., 1 765 600 KZT."
100000007442518100,distributor,0.9092,12,0.6857,"Распределяет средства 9 получателям. Вход: 5 пл., 510 000 KZT; выход: 9 пол., 4 419 999 KZT."
100000007472293100,peripheral,0.35,3,0.4788,"Выраженных признаков роли в доступной выборке нет. Вход: 1 пл., 5 000 KZT; выход: 3 пол., 345 900 KZT."
100000007484343100,terminal,0.55,4,0.377,Получено 26 757 KZT от 2 плательщиков; исходящих переводов в выборке нет (колено 3).
100000007487729100,terminal,0.55,10,0.2989,Получено 25 000 KZT от 1 плательщиков; исходящих переводов в выборке нет (колено 3).
100000007507343100,terminal,0.55,40,0.3402,Получено 370 000 KZT от 1 плательщиков; исходящих переводов в выборке нет (колено 1).
100000007510567100,peripheral,0.2,9,0.2681,"Колено 4: исходящие переводы за пределом обхода неизвестны. Вход: 1 пл., 52 000 KZT; выход: 0 пол., 0 KZT."
100000007510875100,terminal,0.55,11,0.2743,Получено 5 000 KZT от 1 плательщиков; исходящих переводов в выборке нет (колено 3).
100000007511163100,peripheral,0.35,2,0.4149,"Выраженных признаков роли в доступной выборке нет. Вход: 2 пл., 63 666 KZT; выход: 3 пол., 82 052 KZT."
100000007511780100,peripheral,0.2,17,0.2335,"Колено 4: исходящие переводы за пределом обхода неизвестны. Вход: 1 пл., 155 000 KZT; выход: 0 пол., 0 KZT."
100000007534354100,peripheral,0.35,13,0.349,"Выраженных признаков роли в доступной выборке нет. Вход: 1 пл., 50 000 KZT; выход: 3 пол., 147 810 KZT."
100000007536804100,peripheral,0.35,11,0.3359,"Выраженных признаков роли в доступной выборке нет. Вход: 1 пл., 100 000 KZT; выход: 2 пол., 55 000 KZT."
100000007539296100,peripheral,0.2,18,0.2186,"Колено 4: исходящие переводы за пределом обхода неизвестны. Вход: 1 пл., 46 000 KZT; выход: 0 пол., 0 KZT."
100000007544358100,transit,0.7518,2,0.4589,"Наблюдаемый выход/вход 1.09. 29% исходящего объёма в дни притока или через 1–2 дня. Вход: 2 пл., 322 500 KZT; выход: 1 пол., 350 000 KZT."
100000007591246100,peripheral,0.35,2,0.3814,"Выраженных признаков роли в доступной выборке нет. Вход: 1 пл., 12 190 KZT; выход: 1 пол., 120 000 KZT."
100000007593823100,coordinator,0.93,1,0.6526,"Связи от 4 исходных клиентов; высокая посредническая роль. Вход: 3 пл., 25 000 KZT; выход: 13 пол., 162 900 KZT."
100000007594394100,consolidator,0.95,16,0.6545,"Получает от 6 разных плательщиков; связи от 4 исходных клиентов. Вход: 6 пл., 395 385 KZT; выход: 1 пол., 3 376 312 KZT."
100000007597382100,terminal,0.55,6,0.4118,Получено 15 700 KZT от 1 плательщиков; исходящих переводов в выборке нет (колено 3).
100000007617808100,terminal,0.55,8,0.5232,Получено 450 000 KZT от 1 плательщиков; исходящих переводов в выборке нет (колено 2).
100000007618425100,terminal,0.55,6,0.3059,Получено 39 348 KZT от 1 плательщиков; исходящих переводов в выборке нет (колено 3).
100000007629096100,peripheral,0.35,17,0.511,"Выраженных признаков роли в доступной выборке нет. Вход: 4 пл., 1 075 170 KZT; выход: 1 пол., 765 205 KZT."
100000007629121100,terminal,0.55,8,0.4812,Получено 29 000 KZT от 1 плательщиков; исходящих переводов в выборке нет (колено 2).
100000007631637100,terminal,0.55,5,0.2915,Получено 15 341 KZT от 1 плательщиков; исходящих переводов в выборке нет (колено 1).
100000007639767100,coordinator,0.89,4,0.5884,"Связи от 2 исходных клиентов; высокая посредническая роль. Вход: 4 пл., 90 913 KZT; выход: 10 пол., 822 244 KZT."
100000007641183100,terminal,0.55,2,0.3607,Получено 28 000 KZT от 1 плательщиков; исходящих переводов в выборке нет (колено 1).
100000007641801100,terminal,0.55,11,0.3308,Получено 200 000 KZT от 1 плательщиков; исходящих переводов в выборке нет (колено 1).
100000007647294100,terminal,0.55,33,0.3408,Получено 385 000 KZT от 1 плательщиков; исходящих переводов в выборке нет (колено 3).
100000007648946100,peripheral,0.35,1,0.3048,"Выраженных признаков роли в доступной выборке нет. Вход: 1 пл., 19 550 KZT; выход: 1 пол., 25 000 KZT."
100000007653003100,terminal,0.55,20,0.3202,Получено 100 000 KZT от 1 плательщиков; исходящих переводов в выборке нет (колено 3).
100000007653094100,peripheral,0.2,1,0.3497,"Колено 4: исходящие переводы за пределом обхода неизвестны. Вход: 1 пл., 16 000 KZT; выход: 0 пол., 0 KZT."
100000007689942100,peripheral,0.35,4,0.3112,"Выраженных признаков роли в доступной выборке нет. Вход: 1 пл., 5 000 KZT; выход: 2 пол., 25 000 KZT."
100000007731977100,peripheral,0.2,4,0.2676,"Колено 4: исходящие переводы за пределом обхода неизвестны. Вход: 1 пл., 50 000 KZT; выход: 0 пол., 0 KZT."
100000007737775100,terminal,0.55,15,0.3371,Получено 6 000 KZT от 1 плательщиков; исходящих переводов в выборке нет (колено 3).
100000007745062100,peripheral,0.2,13,0.2761,"Колено 4: исходящие переводы за пределом обхода неизвестны. Вход: 1 пл., 100 000 KZT; выход: 0 пол., 0 KZT."
100000007747786100,distributor,1,11,0.2423,"Распределяет средства 31 получателям. Вход: 0 пл., 0 KZT; выход: 31 пол., 4 238 009 KZT."
100000007749092100,peripheral,0.35,2,0.3133,"Выраженных признаков роли в доступной выборке нет. Вход: 1 пл., 7 650 KZT; выход: 1 пол., 70 375 KZT."
100000007749747100,peripheral,0.2,3,0.2196,"Колено 4: исходящие переводы за пределом обхода неизвестны. Вход: 1 пл., 50 000 KZT; выход: 0 пол., 0 KZT."
100000007754369100,terminal,0.55,4,0.3172,Получено 82 424 KZT от 1 плательщиков; исходящих переводов в выборке нет (колено 3).
100000007777377100,peripheral,0.35,8,0.5358,"Выраженных признаков роли в доступной выборке нет. Вход: 1 пл., 456 290 KZT; выход: 2 пол., 10 000 KZT."
100000007793871100,terminal,0.55,9,0.4195,Получено 26 000 KZT от 1 плательщиков; исходящих переводов в выборке нет (колено 3).
100000007797290100,peripheral,0.35,1,0.3803,"Выраженных признаков роли в доступной выборке нет. Вход: 1 пл., 100 000 KZT; выход: 1 пол., 20 000 KZT."
100000007811950100,peripheral,0.2,26,0.2196,"Колено 4: исходящие переводы за пределом обхода неизвестны. Вход: 1 пл., 50 000 KZT; выход: 0 пол., 0 KZT."
100000007841978100,peripheral,0.2,6,0.3425,"Колено 4: исходящие переводы за пределом обхода неизвестны. Вход: 1 пл., 449 000 KZT; выход: 0 пол., 0 KZT."
100000007861311100,terminal,0.55,29,0.3079,Получено 45 000 KZT от 1 плательщиков; исходящих переводов в выборке нет (колено 2).
100000007863304100,terminal,0.55,6,0.4189,Получено 25 000 KZT от 1 плательщиков; исходящих переводов в выборке нет (колено 3).
100000007864477100,peripheral,0.35,1,0.4405,"Выраженных признаков роли в доступной выборке нет. Вход: 2 пл., 76 000 KZT; выход: 6 пол., 203 500 KZT."
100000007865484100,peripheral,0.2,4,0.2977,"Колено 4: исходящие переводы за пределом обхода неизвестны. Вход: 1 пл., 584 600 KZT; выход: 0 пол., 0 KZT."
100000007867364100,peripheral,0.2,16,0.2175,"Колено 4: исходящие переводы за пределом обхода неизвестны. Вход: 1 пл., 41 852 KZT; выход: 0 пол., 0 KZT."
100000007898453100,peripheral,0.35,8,0.5286,"Выраженных признаков роли в доступной выборке нет. Вход: 1 пл., 24 750 KZT; выход: 2 пол., 320 000 KZT."
100000007908818100,peripheral,0.35,14,0.5911,"Выраженных признаков роли в доступной выборке нет. Вход: 4 пл., 727 475 KZT; выход: 6 пол., 302 000 KZT."
100000007930878100,terminal,0.55,36,0.2743,Получено 5 000 KZT от 1 плательщиков; исходящих переводов в выборке нет (колено 2).
100000007938486100,terminal,0.55,5,0.3059,Получено 39 500 KZT от 1 плательщиков; исходящих переводов в выборке нет (колено 1).
100000007939160100,peripheral,0.35,36,0.3612,"Выраженных признаков роли в доступной выборке нет. Вход: 1 пл., 795 000 KZT; выход: 2 пол., 14 300 KZT."
100000007953156100,peripheral,0.35,9,0.4181,"Выраженных признаков роли в доступной выборке нет. Вход: 1 пл., 18 000 KZT; выход: 1 пол., 10 000 KZT."
100000007960337100,peripheral,0.2,14,0.3115,"Колено 4: исходящие переводы за пределом обхода неизвестны. Вход: 1 пл., 35 500 KZT; выход: 0 пол., 0 KZT."
100000007982728100,distributor,0.848,11,0.2057,"Распределяет средства 8 получателям. Вход: 0 пл., 0 KZT; выход: 8 пол., 1 804 384 KZT."
100000007982908100,terminal,0.55,5,0.3023,Получено 31 080 KZT от 1 плательщиков; исходящих переводов в выборке нет (колено 2).
100000007988344100,peripheral,0.2,4,0.2564,"Колено 4: исходящие переводы за пределом обхода неизвестны. Вход: 1 пл., 20 000 KZT; выход: 0 пол., 0 KZT."
100000007997939100,peripheral,0.2,3,0.2512,"Колено 4: исходящие переводы за пределом обхода неизвестны. Вход: 1 пл., 13 000 KZT; выход: 0 пол., 0 KZT."
100000007998965100,consolidator,0.91,9,0.606,"Получает от 5 разных плательщиков; связи от 4 исходных клиентов. Вход: 5 пл., 278 000 KZT; выход: 1 пол., 26 000 KZT."
100000007999728100,terminal,0.55,9,0.2978,Получено 23 250 KZT от 1 плательщиков; исходящих переводов в выборке нет (колено 3).
100000008002020100,peripheral,0.35,13,0.3157,"Выраженных признаков роли в доступной выборке нет. Вход: 1 пл., 73 860 KZT; выход: 1 пол., 17 000 KZT."
100000008003034100,peripheral,0.35,2,0.4566,"Выраженных признаков роли в доступной выборке нет. Вход: 1 пл., 12 201 KZT; выход: 4 пол., 135 000 KZT."
100000008008463100,terminal,0.55,18,0.3108,Получено 54 180 KZT от 1 плательщиков; исходящих переводов в выборке нет (колено 2).
100000008011159100,peripheral,0.35,17,0.4509,"Выраженных признаков роли в доступной выборке нет. Вход: 3 пл., 363 000 KZT; выход: 5 пол., 153 037 KZT."
100000008011573100,terminal,0.55,6,0.2911,Получено 15 000 KZT от 1 плательщиков; исходящих переводов в выборке нет (колено 3).
100000008027922100,peripheral,0.2,22,0.2238,"Колено 4: исходящие переводы за пределом обхода неизвестны. Вход: 1 пл., 70 000 KZT; выход: 0 пол., 0 KZT."
100000008028628100,terminal,0.55,5,0.3116,Получено 57 224 KZT от 1 плательщиков; исходящих переводов в выборке нет (колено 1).
100000008029279100,terminal,0.55,10,0.293,Получено 17 000 KZT от 1 плательщиков; исходящих переводов в выборке нет (колено 3).
100000008038077100,terminal,0.55,6,0.4648,Получено 499 850 KZT от 1 плательщиков; исходящих переводов в выборке нет (колено 3).
100000008042075100,terminal,0.55,23,0.2743,Получено 5 000 KZT от 1 плательщиков; исходящих переводов в выборке нет (колено 3).
100000008043184100,terminal,0.55,20,0.3097,Получено 50 564 KZT от 1 плательщиков; исходящих переводов в выборке нет (колено 3).
100000008050986100,peripheral,0.2,6,0.3235,"Колено 4: исходящие переводы за пределом обхода неизвестны. Вход: 1 пл., 95 000 KZT; выход: 0 пол., 0 KZT."
100000008055972100,terminal,0.55,7,0.3008,Получено 28 300 KZT от 1 плательщиков; исходящих переводов в выборке нет (колено 3).
100000008060273100,terminal,0.55,14,0.4649,Получено 10 000 KZT от 1 плательщиков; исходящих переводов в выборке нет (колено 2).
100000008066326100,terminal,0.55,1,0.295,Получено 19 320 KZT от 1 плательщиков; исходящих переводов в выборке нет (колено 1).
100000008070101100,terminal,0.55,3,0.3802,Получено 100 000 KZT от 1 плательщиков; исходящих переводов в выборке нет (колено 3).
100000008071620100,terminal,0.55,1,0.3086,Получено 46 968 KZT от 1 плательщиков; исходящих переводов в выборке нет (колено 1).
100000008071749100,peripheral,0.2,9,0.2591,"Колено 4: исходящие переводы за пределом обхода неизвестны. Вход: 1 пл., 24 943 KZT; выход: 0 пол., 0 KZT."
100000008074304100,peripheral,0.2,6,0.2886,"Колено 4: исходящие переводы за пределом обхода неизвестны. Вход: 1 пл., 5 500 KZT; выход: 0 пол., 0 KZT."
100000008077552100,terminal,0.55,10,0.3318,Получено 214 000 KZT от 1 плательщиков; исходящих переводов в выборке нет (колено 3).
100000008086440100,transit,0.6547,4,0.4651,"Наблюдаемый выход/вход 0.81. 24% исходящего объёма в дни притока или через 1–2 дня. Вход: 1 пл., 199 733 KZT; выход: 5 пол., 161 300 KZT."
100000008088082100,peripheral,0.35,1,0.4358,"Выраженных признаков роли в доступной выборке нет. Вход: 1 пл., 39 138 KZT; выход: 1 пол., 50 000 KZT."
100000008094734100,terminal,0.55,1,0.5517,Получено 236 249 KZT от 4 плательщиков; исходящих переводов в выборке нет (колено 1).
100000008097580100,terminal,0.55,10,0.3197,Получено 32 000 KZT от 2 плательщиков; исходящих переводов в выборке нет (колено 3).
100000008104567100,coordinator,0.85,9,0.5068,"Связи от 2 исходных клиентов; высокая посредническая роль. Вход: 3 пл., 53 550 KZT; выход: 3 пол., 40 000 KZT."
100000008106997100,peripheral,0.35,10,0.3808,"Выраженных признаков роли в доступной выборке нет. Вход: 2 пл., 35 600 KZT; выход: 1 пол., 20 600 KZT."
100000008111003100,consolidator,0.91,1,0.5684,"Получает от 6 разных плательщиков; связи от 3 исходных клиентов. Вход: 6 пл., 222 716 KZT; выход: 1 пол., 35 000 KZT."
100000008116374100,terminal,0.55,2,0.3624,Получено 31 284 KZT от 1 плательщиков; исходящих переводов в выборке нет (колено 1).
100000008117324100,peripheral,0.2,62,0.036,"Выраженных признаков роли в доступной выборке нет. Вход: 0 пл., 0 KZT; выход: 0 пол., 0 KZT."
100000008121806100,peripheral,0.35,14,0.3812,"Выраженных признаков роли в доступной выборке нет. Вход: 1 пл., 67 000 KZT; выход: 4 пол., 248 509 KZT."
100000008129393100,terminal,0.55,41,0.2849,Получено 10 000 KZT от 1 плательщиков; исходящих переводов в выборке нет (колено 1).
100000008130868100,peripheral,0.2,12,0.21,"Колено 4: исходящие переводы за пределом обхода неизвестны. Вход: 1 пл., 22 782 KZT; выход: 0 пол., 0 KZT."
100000008136608100,peripheral,0.2,9,0.2346,"Колено 4: исходящие переводы за пределом обхода неизвестны. Вход: 1 пл., 170 000 KZT; выход: 0 пол., 0 KZT."
100000008137435100,peripheral,0.35,22,0.4114,"Выраженных признаков роли в доступной выборке нет. Вход: 2 пл., 93 906 KZT; выход: 6 пол., 1 419 700 KZT."
100000008141170100,terminal,0.55,2,0.2864,Получено 11 000 KZT от 1 плательщиков; исходящих переводов в выборке нет (колено 2).
100000008144528100,consolidator,0.91,2,0.6184,"Получает от 5 разных плательщиков; связи от 4 исходных клиентов. Вход: 5 пл., 1 068 203 KZT; выход: 0 пол., 0 KZT."
100000008151098100,peripheral,0.2,27,0.2134,"Колено 4: исходящие переводы за пределом обхода неизвестны. Вход: 1 пл., 30 000 KZT; выход: 0 пол., 0 KZT."
100000008165763100,transit,0.7973,1,0.6988,"Наблюдаемый выход/вход 1.09. 68% исходящего объёма в дни притока или через 1–2 дня. Вход: 15 пл., 1 165 815 KZT; выход: 17 пол., 1 267 858 KZT."
100000008168850100,peripheral,0.2,6,0.3318,"Колено 4: исходящие переводы за пределом обхода неизвестны. Вход: 1 пл., 187 910 KZT; выход: 0 пол., 0 KZT."
100000008169544100,peripheral,0.35,2,0.4178,"Выраженных признаков роли в доступной выборке нет. Вход: 1 пл., 137 104 KZT; выход: 4 пол., 42 800 KZT."
100000008172352100,peripheral,0.35,19,0.4561,"Выраженных признаков роли в доступной выборке нет. Вход: 3 пл., 90 265 KZT; выход: 7 пол., 289 510 KZT."
100000008172721100,peripheral,0.2,10,0.2345,"Колено 4: исходящие переводы за пределом обхода неизвестны. Вход: 1 пл., 168 335 KZT; выход: 0 пол., 0 KZT."
100000008173359100,terminal,0.55,2,0.3374,Получено 6 110 KZT от 1 плательщиков; исходящих переводов в выборке нет (колено 1).
100000008174521100,terminal,0.55,2,0.4371,Получено 82 110 KZT от 1 плательщиков; исходящих переводов в выборке нет (колено 2).
100000008175078100,peripheral,0.2,6,0.3598,"Колено 4: исходящие переводы за пределом обхода неизвестны. Вход: 1 пл., 1 846 711 KZT; выход: 0 пол., 0 KZT."
100000008183752100,peripheral,0.2,3,0.2322,"Колено 4: исходящие переводы за пределом обхода неизвестны. Вход: 1 пл., 140 000 KZT; выход: 0 пол., 0 KZT."
100000008188026100,peripheral,0.35,2,0.4365,"Выраженных признаков роли в доступной выборке нет. Вход: 2 пл., 86 468 KZT; выход: 4 пол., 337 983 KZT."
100000008190411100,peripheral,0.2,31,0.2365,"Колено 4: исходящие переводы за пределом обхода неизвестны. Вход: 1 пл., 198 450 KZT; выход: 0 пол., 0 KZT."
100000008190442100,terminal,0.55,7,0.2889,Получено 13 000 KZT от 1 плательщиков; исходящих переводов в выборке нет (колено 3).
100000008192264100,transit,0.764,6,0.4982,"Наблюдаемый выход/вход 1.15. 87% исходящего объёма в дни притока или через 1–2 дня. Вход: 1 пл., 162 810 KZT; выход: 1 пол., 187 910 KZT."
100000008193258100,peripheral,0.35,20,0.3183,"Выраженных признаков роли в доступной выборке нет. Вход: 1 пл., 75 000 KZT; выход: 1 пол., 30 000 KZT."
100000008193577100,peripheral,0.35,35,0.3865,"Выраженных признаков роли в доступной выборке нет. Вход: 2 пл., 154 300 KZT; выход: 5 пол., 480 180 KZT."
100000008200810100,terminal,0.55,12,0.404,Получено 475 000 KZT от 1 плательщиков; исходящих переводов в выборке нет (колено 3).
100000008205000100,peripheral,0.2,63,0.036,"Выраженных признаков роли в доступной выборке нет. Вход: 0 пл., 0 KZT; выход: 0 пол., 0 KZT."
100000008205937100,terminal,0.55,32,0.4841,Получено 35 000 KZT от 1 плательщиков; исходящих переводов в выборке нет (колено 2).
100000008213966100,peripheral,0.35,21,0.4275,"Выраженных признаков роли в доступной выборке нет. Вход: 3 пл., 187 004 KZT; выход: 1 пол., 436 900 KZT."
100000008219168100,terminal,0.55,11,0.3105,Получено 53 200 KZT от 1 плательщиков; исходящих переводов в выборке нет (колено 1).
100000008221543100,terminal,0.55,20,0.363,Получено 542 000 KZT от 2 плательщиков; исходящих переводов в выборке нет (колено 1).
100000008221765100,peripheral,0.2,6,0.3296,"Колено 4: исходящие переводы за пределом обхода неизвестны. Вход: 1 пл., 156 354 KZT; выход: 0 пол., 0 KZT."
100000008223661100,peripheral,0.35,3,0.449,"Выраженных признаков роли в доступной выборке нет. Вход: 2 пл., 202 000 KZT; выход: 5 пол., 262 580 KZT."
100000008223756100,terminal,0.55,14,0.4155,Получено 331 682 KZT от 2 плательщиков; исходящих переводов в выборке нет (колено 3).
100000008229700100,peripheral,0.35,13,0.2991,"Выраженных признаков роли в доступной выборке нет. Вход: 1 пл., 23 500 KZT; выход: 1 пол., 7 200 KZT."
100000008232832100,peripheral,0.35,1,0.521,"Выраженных признаков роли в доступной выборке нет. Вход: 1 пл., 337 000 KZT; выход: 1 пол., 138 000 KZT."
100000008237827100,terminal,0.55,8,0.4861,Получено 40 001 KZT от 1 плательщиков; исходящих переводов в выборке нет (колено 1).
100000008238112100,terminal,0.55,6,0.45,Получено 190 000 KZT от 1 плательщиков; исходящих переводов в выборке нет (колено 3).
100000008238989100,terminal,0.55,22,0.3308,Получено 200 000 KZT от 1 плательщиков; исходящих переводов в выборке нет (колено 2).
100000008244300100,consolidator,0.87,1,0.5116,"Получает от 5 разных плательщиков; связи от 3 исходных клиентов. Вход: 5 пл., 65 430 KZT; выход: 0 пол., 0 KZT."
100000008251939100,peripheral,0.2,9,0.2662,"Колено 4: исходящие переводы за пределом обхода неизвестны. Вход: 1 пл., 44 360 KZT; выход: 0 пол., 0 KZT."
100000008254069100,peripheral,0.35,16,0.5372,"Выраженных признаков роли в доступной выборке нет. Вход: 1 пл., 10 200 KZT; выход: 5 пол., 107 500 KZT."
100000008254576100,peripheral,0.35,33,0.3117,"Выраженных признаков роли в доступной выборке нет. Вход: 1 пл., 8 000 KZT; выход: 1 пол., 60 000 KZT."
100000008255655100,peripheral,0.2,20,0.1924,"Колено 4: исходящие переводы за пределом обхода неизвестны. Вход: 1 пл., 5 400 KZT; выход: 0 пол., 0 KZT."
100000008258083100,peripheral,0.35,12,0.5207,"Выраженных признаков роли в доступной выборке нет. Вход: 2 пл., 3 149 500 KZT; выход: 2 пол., 2 045 650 KZT."
100000008258458100,peripheral,0.35,2,0.4322,"Выраженных признаков роли в доступной выборке нет. Вход: 1 пл., 19 000 KZT; выход: 2 пол., 1 557 988 KZT."
100000008259451100,terminal,0.55,9,0.311,Получено 55 000 KZT от 1 плательщиков; исходящих переводов в выборке нет (колено 3).
100000008279405100,terminal,0.55,10,0.3332,Получено 234 738 KZT от 1 плательщиков; исходящих переводов в выборке нет (колено 3).
100000008283183100,terminal,0.55,5,0.3012,Получено 29 000 KZT от 1 плательщиков; исходящих переводов в выборке нет (колено 2).
100000008289539100,terminal,0.55,2,0.411,Получено 14 912 KZT от 1 плательщиков; исходящих переводов в выборке нет (колено 2).
100000008293431100,peripheral,0.35,4,0.3713,"Выраженных признаков роли в доступной выборке нет. Вход: 1 пл., 15 000 KZT; выход: 5 пол., 297 000 KZT."
100000008295429100,terminal,0.55,6,0.4594,Получено 352 000 KZT от 1 плательщиков; исходящих переводов в выборке нет (колено 3).
100000008297199100,terminal,0.55,4,0.367,Получено 42 268 KZT от 1 плательщиков; исходящих переводов в выборке нет (колено 3).
100000008304115100,terminal,0.55,13,0.3099,Получено 51 000 KZT от 1 плательщиков; исходящих переводов в выборке нет (колено 1).
100000008304139100,coordinator,0.89,17,0.6003,"Связи от 2 исходных клиентов; высокая посредническая роль. Вход: 4 пл., 189 330 KZT; выход: 24 пол., 1 692 997 KZT."
100000008306857100,terminal,0.55,12,0.3836,Получено 125 000 KZT от 1 плательщиков; исходящих переводов в выборке нет (колено 3).
100000008308418100,peripheral,0.2,4,0.2676,"Колено 4: исходящие переводы за пределом обхода неизвестны. Вход: 1 пл., 50 000 KZT; выход: 0 пол., 0 KZT."
100000008309514100,terminal,0.55,7,0.2932,Получено 17 200 KZT от 1 плательщиков; исходящих переводов в выборке нет (колено 3).
100000008314203100,peripheral,0.35,1,0.2468,"Выраженных признаков роли в доступной выборке нет. Вход: 2 пл., 382 076 KZT; выход: 2 пол., 327 000 KZT."
100000008314863100,terminal,0.55,8,0.3477,Получено 12 000 KZT от 1 плательщиков; исходящих переводов в выборке нет (колено 3).
100000008321975100,peripheral,0.2,8,0.2415,"Колено 4: исходящие переводы за пределом обхода неизвестны. Вход: 1 пл., 5 900 KZT; выход: 0 пол., 0 KZT."
100000008324800100,transit,0.885,17,0.5482,"Наблюдаемый выход/вход 0.97. 100% исходящего объёма в дни притока или через 1–2 дня. Вход: 3 пл., 526 500 KZT; выход: 1 пол., 511 000 KZT."
100000008327791100,peripheral,0.2,20,0.2011,"Колено 4: исходящие переводы за пределом обхода неизвестны. Вход: 1 пл., 11 000 KZT; выход: 0 пол., 0 KZT."
100000008331280100,peripheral,0.2,27,0.2172,"Колено 4: исходящие переводы за пределом обхода неизвестны. Вход: 1 пл., 41 000 KZT; выход: 0 пол., 0 KZT."
100000008332511100,terminal,0.55,11,0.5002,Получено 100 000 KZT от 1 плательщиков; исходящих переводов в выборке нет (колено 3).
100000008333492100,peripheral,0.2,3,0.2376,"Колено 4: исходящие переводы за пределом обхода неизвестны. Вход: 1 пл., 216 400 KZT; выход: 0 пол., 0 KZT."
100000008335401100,terminal,0.55,11,0.3864,Получено 150 000 KZT от 1 плательщиков; исходящих переводов в выборке нет (колено 2).
100000008336318100,peripheral,0.2,3,0.2346,"Колено 4: исходящие переводы за пределом обхода неизвестны. Вход: 1 пл., 170 000 KZT; выход: 0 пол., 0 KZT."
100000008337304100,peripheral,0.2,10,0.2288,"Колено 4: исходящие переводы за пределом обхода неизвестны. Вход: 1 пл., 105 465 KZT; выход: 0 пол., 0 KZT."
100000008343415100,peripheral,0.2,14,0.2761,"Колено 4: исходящие переводы за пределом обхода неизвестны. Вход: 1 пл., 100 000 KZT; выход: 0 пол., 0 KZT."
100000008343874100,peripheral,0.35,14,0.4227,"Выраженных признаков роли в доступной выборке нет. Вход: 2 пл., 283 535 KZT; выход: 2 пол., 176 400 KZT."
100000008346837100,coordinator,1,1,0.9065,"Связи от 6 исходных клиентов; высокая посредническая роль. Вход: 9 пл., 254 359 KZT; выход: 25 пол., 1 258 643 KZT."
100000008349675100,peripheral,0.35,11,0.3143,"Выраженных признаков роли в доступной выборке нет. Вход: 1 пл., 46 520 KZT; выход: 1 пол., 36 650 KZT."
100000008349740100,peripheral,0.2,6,0.3198,"Колено 4: исходящие переводы за пределом обхода неизвестны. Вход: 1 пл., 70 000 KZT; выход: 0 пол., 0 KZT."
100000008352542100,terminal,0.55,8,0.4896,Получено 50 220 KZT от 1 плательщиков; исходящих переводов в выборке нет (колено 2).
100000008356606100,terminal,0.55,2,0.3451,Получено 168 500 KZT от 2 плательщиков; исходящих переводов в выборке нет (колено 2).
100000008376089100,terminal,0.55,12,0.4448,Получено 135 000 KZT от 1 плательщиков; исходящих переводов в выборке нет (колено 2).
100000008376785100,peripheral,0.2,6,0.3345,"Колено 4: исходящие переводы за пределом обхода неизвестны. Вход: 1 пл., 234 250 KZT; выход: 0 пол., 0 KZT."
100000008379273100,coordinator,0.81,9,0.492,"Связи от 2 исходных клиентов; высокая посредническая роль. Вход: 2 пл., 36 000 KZT; выход: 4 пол., 38 000 KZT."
100000008383405100,terminal,0.55,23,0.2989,Получено 25 000 KZT от 1 плательщиков; исходящих переводов в выборке нет (колено 1).
100000008388049100,terminal,0.55,12,0.4047,Получено 496 400 KZT от 1 плательщиков; исходящих переводов в выборке нет (колено 3).
100000008389800100,peripheral,0.35,2,0.4022,"Выраженных признаков роли в доступной выборке нет. Вход: 3 пл., 189 000 KZT; выход: 7 пол., 401 620 KZT."
100000008405209100,terminal,0.55,20,0.3108,Получено 54 400 KZT от 1 плательщиков; исходящих переводов в выборке нет (колено 3).
100000008406609100,terminal,0.55,16,0.3037,Получено 34 000 KZT от 1 плательщиков; исходящих переводов в выборке нет (колено 2).
100000008413748100,coordinator,0.81,6,0.559,"Связи от 2 исходных клиентов; высокая посредническая роль. Вход: 2 пл., 26 480 KZT; выход: 18 пол., 1 377 320 KZT."
100000008416433100,terminal,0.55,9,0.2955,Получено 20 000 KZT от 1 плательщиков; исходящих переводов в выборке нет (колено 3).
100000008417029100,terminal,0.55,3,0.3802,Получено 100 000 KZT от 1 плательщиков; исходящих переводов в выборке нет (колено 3).
100000008417359100,peripheral,0.35,20,0.3355,"Выраженных признаков роли в доступной выборке нет. Вход: 1 пл., 40 810 KZT; выход: 2 пол., 110 760 KZT."
100000008418835100,peripheral,0.35,15,0.2049,"Выраженных признаков роли в доступной выборке нет. Вход: 1 пл., 1 372 000 KZT; выход: 4 пол., 186 179 KZT."
100000008418934100,terminal,0.55,3,0.3398,Получено 360 000 KZT от 1 плательщиков; исходящих переводов в выборке нет (колено 2).
100000008422226100,terminal,0.55,4,0.3781,Получено 87 450 KZT от 1 плательщиков; исходящих переводов в выборке нет (колено 3).
100000008427027100,terminal,0.55,8,0.397,Получено 300 000 KZT от 1 плательщиков; исходящих переводов в выборке нет (колено 3).
100000008430691100,peripheral,0.35,2,0.3576,"Выраженных признаков роли в доступной выборке нет. Вход: 1 пл., 20 000 KZT; выход: 2 пол., 604 900 KZT."
100000008432942100,terminal,0.55,4,0.3678,Получено 44 542 KZT от 1 плательщиков; исходящих переводов в выборке нет (колено 3).
100000008436257100,terminal,0.55,20,0.3211,Получено 35 000 KZT от 2 плательщиков; исходящих переводов в выборке нет (колено 3).
100000008438656100,peripheral,0.35,8,0.5072,"Выраженных признаков роли в доступной выборке нет. Вход: 2 пл., 80 000 KZT; выход: 1 пол., 5 000 KZT."
100000008443341100,peripheral,0.35,13,0.3516,"Выраженных признаков роли в доступной выборке нет. Вход: 2 пл., 34 500 KZT; выход: 3 пол., 50 000 KZT."
100000008454065100,terminal,0.55,9,0.2984,Получено 24 050 KZT от 1 плательщиков; исходящих переводов в выборке нет (колено 3).
100000008459449100,terminal,0.55,4,0.3706,Получено 53 700 KZT от 1 плательщиков; исходящих переводов в выборке нет (колено 3).
100000008460102100,distributor,1,12,0.5288,"Распределяет средства 31 получателям. Вход: 1 пл., 17 500 KZT; выход: 31 пол., 476 570 KZT."
100000008461217100,peripheral,0.2,8,0.2071,"Колено 4: исходящие переводы за пределом обхода неизвестны. Вход: 1 пл., 18 000 KZT; выход: 0 пол., 0 KZT."
100000008461532100,distributor,0.8553,27,0.5406,"Распределяет средства 8 получателям. Вход: 2 пл., 565 300 KZT; выход: 8 пол., 2 530 090 KZT."
100000008463968100,terminal,0.55,7,0.2849,Получено 10 000 KZT от 1 плательщиков; исходящих переводов в выборке нет (колено 3).
100000008465789100,distributor,1,3,0.641,"Распределяет средства 16 получателям. Вход: 1 пл., 30 099 KZT; выход: 16 пол., 1 858 100 KZT."
100000008466579100,coordinator,0.81,3,0.5594,"Связи от 2 исходных клиентов; высокая посредническая роль. Вход: 2 пл., 36 952 KZT; выход: 17 пол., 1 933 000 KZT."
100000008468762100,terminal,0.55,3,0.4052,Получено 170 000 KZT от 2 плательщиков; исходящих переводов в выборке нет (колено 3).
100000008469048100,peripheral,0.2,4,0.3361,"Колено 4: исходящие переводы за пределом обхода неизвестны. Вход: 1 пл., 265 200 KZT; выход: 0 пол., 0 KZT."
100000008470470100,terminal,0.55,5,0.3034,Получено 33 547 KZT от 1 плательщиков; исходящих переводов в выборке нет (колено 1).
100000008471634100,peripheral,0.2,26,0.2084,"Колено 4: исходящие переводы за пределом обхода неизвестны. Вход: 1 пл., 20 000 KZT; выход: 0 пол., 0 KZT."
100000008472324100,terminal,0.55,6,0.4512,Получено 205 200 KZT от 1 плательщиков; исходящих переводов в выборке нет (колено 3).
100000008473207100,terminal,0.55,14,0.5109,Получено 202 000 KZT от 1 плательщиков; исходящих переводов в выборке нет (колено 2).
100000008473765100,terminal,0.55,10,0.3017,Получено 30 000 KZT от 1 плательщиков; исходящих переводов в выборке нет (колено 3).
100000008474308100,peripheral,0.35,13,0.2953,"Выраженных признаков роли в доступной выборке нет. Вход: 1 пл., 14 000 KZT; выход: 1 пол., 10 000 KZT."
100000008474391100,terminal,0.55,22,0.3555,Получено 20 000 KZT от 1 плательщиков; исходящих переводов в выборке нет (колено 3).
100000008477350100,coordinator,1,4,0.7333,"Связи от 3 исходных клиентов; высокая посредническая роль. Вход: 11 пл., 610 100 KZT; выход: 39 пол., 3 374 866 KZT."
100000008478414100,terminal,0.55,5,0.2849,Получено 10 000 KZT от 1 плательщиков; исходящих переводов в выборке нет (колено 2).
100000008486520100,peripheral,0.35,2,0.3669,"Выраженных признаков роли в доступной выборке нет. Вход: 1 пл., 35 720 KZT; выход: 1 пол., 14 000 KZT."
100000008488166100,terminal,0.55,7,0.2761,Получено 5 600 KZT от 1 плательщиков; исходящих переводов в выборке нет (колено 3).
100000008489604100,terminal,0.55,7,0.2864,Получено 11 000 KZT от 1 плательщиков; исходящих переводов в выборке нет (колено 3).
100000008489922100,coordinator,0.89,3,0.6757,"Связи от 3 исходных клиентов; высокая посредническая роль. Вход: 3 пл., 262 010 KZT; выход: 36 пол., 3 789 900 KZT."
100000008490127100,peripheral,0.35,6,0.5206,"Выраженных признаков роли в доступной выборке нет. Вход: 1 пл., 431 755 KZT; выход: 6 пол., 923 000 KZT."
100000008491390100,terminal,0.55,4,0.3645,Получено 36 000 KZT от 1 плательщиков; исходящих переводов в выборке нет (колено 3).
100000008493007100,transit,0.91,7,0.3632,"Наблюдаемый выход/вход 1.00. 100% исходящего объёма в дни притока или через 1–2 дня. Вход: 1 пл., 26 150 KZT; выход: 1 пол., 26 150 KZT."
100000008497298100,terminal,0.55,3,0.3476,Получено 600 000 KZT от 1 плательщиков; исходящих переводов в выборке нет (колено 2).
100000008501413100,transit,0.893,15,0.3968,"Наблюдаемый выход/вход 1.02. 100% исходящего объёма в дни притока или через 1–2 дня. Вход: 1 пл., 5 000 KZT; выход: 1 пол., 5 100 KZT."
100000008502995100,terminal,0.55,25,0.2989,Получено 25 000 KZT от 1 плательщиков; исходящих переводов в выборке нет (колено 3).
100000008503177100,terminal,0.55,10,0.3036,Получено 33 951 KZT от 1 плательщиков; исходящих переводов в выборке нет (колено 3).
100000008507703100,terminal,0.55,7,0.301,Получено 28 500 KZT от 1 плательщиков; исходящих переводов в выборке нет (колено 3).
100000008512552100,peripheral,0.35,20,0.4845,"Выраженных признаков роли в доступной выборке нет. Вход: 4 пл., 394 360 KZT; выход: 6 пол., 1 302 275 KZT."
100000008512827100,distributor,0.9194,3,0.6678,"Распределяет средства 10 получателям. Вход: 3 пл., 107 949 KZT; выход: 10 пол., 1 944 500 KZT."
100000008513251100,peripheral,0.2,64,0.036,"Выраженных признаков роли в доступной выборке нет. Вход: 0 пл., 0 KZT; выход: 0 пол., 0 KZT."
100000008514970100,peripheral,0.35,14,0.3388,"Выраженных признаков роли в доступной выборке нет. Вход: 1 пл., 379 966 KZT; выход: 1 пол., 31 000 KZT."
100000008516839100,peripheral,0.35,16,0.2321,"Выраженных признаков роли в доступной выборке нет. Вход: 3 пл., 155 000 KZT; выход: 0 пол., 0 KZT."
100000008517061100,peripheral,0.2,9,0.2638,"Колено 4: исходящие переводы за пределом обхода неизвестны. Вход: 1 пл., 1 844 000 KZT; выход: 0 пол., 0 KZT."
100000008517538100,distributor,1,3,0.5714,"Распределяет средства 17 получателям. Вход: 3 пл., 155 500 KZT; выход: 17 пол., 1 439 000 KZT."
100000008522127100,peripheral,0.35,3,0.1376,"Выраженных признаков роли в доступной выборке нет. Вход: 0 пл., 0 KZT; выход: 1 пол., 145 000 KZT."
100000008524903100,peripheral,0.2,4,0.2529,"Колено 4: исходящие переводы за пределом обхода неизвестны. Вход: 1 пл., 15 000 KZT; выход: 0 пол., 0 KZT."
100000008525136100,peripheral,0.2,1,0.3002,"Колено 4: исходящие переводы за пределом обхода неизвестны. Вход: 1 пл., 14 100 KZT; выход: 0 пол., 0 KZT."
100000008531133100,peripheral,0.35,2,0.3483,"Выраженных признаков роли в доступной выборке нет. Вход: 1 пл., 25 000 KZT; выход: 3 пол., 158 272 KZT."
100000008531186100,terminal,0.55,1,0.4436,Получено 125 000 KZT от 1 плательщиков; исходящих переводов в выборке нет (колено 2).
100000008532050100,terminal,0.55,6,0.4633,Получено 455 156 KZT от 1 плательщиков; исходящих переводов в выборке нет (колено 3).
100000008536546100,terminal,0.55,3,0.4111,Получено 250 000 KZT от 2 плательщиков; исходящих переводов в выборке нет (колено 3).
100000008537380100,terminal,0.55,7,0.2815,Получено 8 000 KZT от 1 плательщиков; исходящих переводов в выборке нет (колено 3).
100000008545727100,peripheral,0.35,11,0.4662,"Выраженных признаков роли в доступной выборке нет. Вход: 1 пл., 30 000 KZT; выход: 6 пол., 1 866 500 KZT."
100000008546855100,consolidator,0.91,4,0.5373,"Получает от 6 разных плательщиков; связи от 3 исходных клиентов. Вход: 6 пл., 71 790 KZT; выход: 2 пол., 10 000 KZT."
100000008547295100,terminal,0.55,18,0.2911,Получено 15 000 KZT от 1 плательщиков; исходящих переводов в выборке нет (колено 3).
100000008547844100,coordinator,0.89,3,0.6638,"Связи от 3 исходных клиентов; высокая посредническая роль. Вход: 3 пл., 177 600 KZT; выход: 19 пол., 2 042 199 KZT."
100000008547948100,coordinator,1,3,0.6888,"Связи от 3 исходных клиентов; высокая посредническая роль. Вход: 6 пл., 212 665 KZT; выход: 26 пол., 5 185 600 KZT."
100000008548853100,terminal,0.55,7,0.2901,Получено 14 000 KZT от 1 плательщиков; исходящих переводов в выборке нет (колено 3).
100000008551752100,peripheral,0.2,4,0.2933,"Колено 4: исходящие переводы за пределом обхода неизвестны. Вход: 1 пл., 406 000 KZT; выход: 0 пол., 0 KZT."
100000008554390100,peripheral,0.2,12,0.2041,"Колено 4: исходящие переводы за пределом обхода неизвестны. Вход: 1 пл., 14 000 KZT; выход: 0 пол., 0 KZT."
100000008555233100,terminal,0.55,3,0.3429,Получено 440 600 KZT от 1 плательщиков; исходящих переводов в выборке нет (колено 3).
100000008555918100,peripheral,0.35,8,0.5194,"Выраженных признаков роли в доступной выборке нет. Вход: 1 пл., 139 211 KZT; выход: 2 пол., 43 300 KZT."
100000008556318100,terminal,0.55,8,0.5261,Получено 180 132 KZT от 2 плательщиков; исходящих переводов в выборке нет (колено 1).
100000008557672100,terminal,0.55,5,0.3093,Получено 49 125 KZT от 1 плательщиков; исходящих переводов в выборке нет (колено 2).
100000008560263100,peripheral,0.2,6,0.3241,"Колено 4: исходящие переводы за пределом обхода неизвестны. Вход: 1 пл., 100 000 KZT; выход: 0 пол., 0 KZT."
100000008560717100,consolidator,0.95,6,0.5697,"Получает от 7 разных плательщиков; связи от 3 исходных клиентов. Вход: 7 пл., 529 000 KZT; выход: 1 пол., 25 000 KZT."
100000008561016100,transit,0.8864,3,0.3911,"Наблюдаемый выход/вход 1.03. 100% исходящего объёма в дни притока или через 1–2 дня. Вход: 1 пл., 180 000 KZT; выход: 1 пол., 185 000 KZT."
100000008566737100,terminal,0.55,10,0.5299,Получено 230 000 KZT от 2 плательщиков; исходящих переводов в выборке нет (колено 1).
100000008568512100,terminal,0.55,6,0.4507,Получено 199 640 KZT от 1 плательщиков; исходящих переводов в выборке нет (колено 3).
100000008571243100,terminal,0.55,11,0.3246,Получено 134 000 KZT от 1 плательщиков; исходящих переводов в выборке нет (колено 3).
100000008571433100,peripheral,0.35,40,0.1722,"Выраженных признаков роли в доступной выборке нет. Вход: 2 пл., 350 000 KZT; выход: 2 пол., 1 434 000 KZT."
100000008571443100,terminal,0.55,1,0.4505,Получено 65 000 KZT от 2 плательщиков; исходящих переводов в выборке нет (колено 2).
100000008575624100,peripheral,0.35,38,0.1474,"Выраженных признаков роли в доступной выборке нет. Вход: 0 пл., 0 KZT; выход: 3 пол., 89 500 KZT."
100000008576243100,terminal,0.55,1,0.4543,Получено 82 920 KZT от 2 плательщиков; исходящих переводов в выборке нет (колено 3).
100000008576528100,terminal,0.55,6,0.4207,Получено 28 000 KZT от 1 плательщиков; исходящих переводов в выборке нет (колено 3).
100000008579978100,peripheral,0.35,6,0.4392,"Выраженных признаков роли в доступной выборке нет. Вход: 1 пл., 34 000 KZT; выход: 1 пол., 77 000 KZT."
100000008582730100,transit,0.91,4,0.3379,"Наблюдаемый выход/вход 1.00. 100% исходящего объёма в дни притока или через 1–2 дня. Вход: 1 пл., 5 000 KZT; выход: 1 пол., 5 000 KZT."
100000008583360100,peripheral,0.35,9,0.3335,"Выраженных признаков роли в доступной выборке нет. Вход: 1 пл., 112 843 KZT; выход: 1 пол., 170 000 KZT."
100000008583971100,peripheral,0.2,4,0.2815,"Колено 4: исходящие переводы за пределом обхода неизвестны. Вход: 2 пл., 51 000 KZT; выход: 0 пол., 0 KZT."
100000008586731100,terminal,0.55,13,0.2877,Получено 12 000 KZT от 1 плательщиков; исходящих переводов в выборке нет (колено 1).
100000008587459100,peripheral,0.35,1,0.432,"Выраженных признаков роли в доступной выборке нет. Вход: 2 пл., 181 507 KZT; выход: 2 пол., 686 500 KZT."
100000008588665100,peripheral,0.2,4,0.2592,"Колено 4: исходящие переводы за пределом обхода неизвестны. Вход: 1 пл., 25 000 KZT; выход: 0 пол., 0 KZT."
100000008595687100,peripheral,0.35,2,0.3794,"Выраженных признаков роли в доступной выборке нет. Вход: 1 пл., 64 395 KZT; выход: 1 пол., 10 400 KZT."
100000008596924100,terminal,0.55,18,0.3202,Получено 100 000 KZT от 1 плательщиков; исходящих переводов в выборке нет (колено 3).
100000008598972100,terminal,0.55,14,0.3229,Получено 120 000 KZT от 1 плательщиков; исходящих переводов в выборке нет (колено 3).
100000008599354100,peripheral,0.35,4,0.389,"Выраженных признаков роли в доступной выборке нет. Вход: 1 пл., 177 000 KZT; выход: 1 пол., 38 200 KZT."
100000008601794100,peripheral,0.35,42,0.1661,"Выраженных признаков роли в доступной выборке нет. Вход: 2 пл., 494 400 KZT; выход: 1 пол., 871 400 KZT."
100000008603331100,peripheral,0.35,31,0.3989,"Выраженных признаков роли в доступной выборке нет. Вход: 2 пл., 39 500 KZT; выход: 6 пол., 741 774 KZT."
100000008603629100,coordinator,1,10,0.8931,"Связи от 4 исходных клиентов; высокая посредническая роль. Вход: 19 пл., 1 817 300 KZT; выход: 61 пол., 4 986 156 KZT."
100000008612257100,terminal,0.55,6,0.2841,Получено 9 500 KZT от 1 плательщиков; исходящих переводов в выборке нет (колено 3).
100000008619159100,peripheral,0.2,2,0.2464,"Колено 4: исходящие переводы за пределом обхода неизвестны. Вход: 1 пл., 446 400 KZT; выход: 0 пол., 0 KZT."
100000008619857100,peripheral,0.35,4,0.3759,"Выраженных признаков роли в доступной выборке нет. Вход: 1 пл., 29 000 KZT; выход: 2 пол., 13 000 KZT."
100000008620570100,peripheral,0.35,10,0.528,"Выраженных признаков роли в доступной выборке нет. Вход: 2 пл., 145 000 KZT; выход: 2 пол., 31 800 KZT."
100000008624978100,terminal,0.55,3,0.5015,Получено 109 000 KZT от 1 плательщиков; исходящих переводов в выборке нет (колено 2).
100000008625905100,peripheral,0.35,2,0.5425,"Выраженных признаков роли в доступной выборке нет. Вход: 1 пл., 197 800 KZT; выход: 2 пол., 635 000 KZT."
100000008628231100,peripheral,0.35,8,0.5395,"Выраженных признаков роли в доступной выборке нет. Вход: 1 пл., 50 000 KZT; выход: 2 пол., 627 870 KZT."
100000008628818100,peripheral,0.2,9,0.2667,"Колено 4: исходящие переводы за пределом обхода неизвестны. Вход: 1 пл., 46 310 KZT; выход: 0 пол., 0 KZT."
100000008629504100,peripheral,0.2,4,0.2084,"Колено 4: исходящие переводы за пределом обхода неизвестны. Вход: 1 пл., 20 000 KZT; выход: 0 пол., 0 KZT."
100000008629581100,terminal,0.55,19,0.3708,Получено 54 184 KZT от 1 плательщиков; исходящих переводов в выборке нет (колено 2).
100000008631800100,peripheral,0.2,12,0.203,"Колено 4: исходящие переводы за пределом обхода неизвестны. Вход: 1 пл., 12 850 KZT; выход: 0 пол., 0 KZT."
100000008632060100,distributor,0.8684,1,0.4543,"Распределяет средства 9 получателям. Вход: 1 пл., 6 000 KZT; выход: 9 пол., 339 200 KZT."
100000008633099100,peripheral,0.35,10,0.3006,"Выраженных признаков роли в доступной выборке нет. Вход: 1 пл., 19 468 KZT; выход: 1 пол., 13 500 KZT."
100000008634520100,terminal,0.55,3,0.4385,Получено 90 000 KZT от 1 плательщиков; исходящих переводов в выборке нет (колено 3).
100000008636603100,coordinator,0.81,2,0.5569,"Связи от 2 исходных клиентов; высокая посредническая роль. Вход: 2 пл., 35 460 KZT; выход: 6 пол., 159 375 KZT."
100000008637537100,peripheral,0.35,1,0.2638,"Выраженных признаков роли в доступной выборке нет. Вход: 3 пл., 619 890 KZT; выход: 3 пол., 2 351 495 KZT."
100000008638859100,peripheral,0.2,16,0.3589,"Колено 4: исходящие переводы за пределом обхода неизвестны. Вход: 1 пл., 34 000 KZT; выход: 0 пол., 0 KZT."
100000008647905100,peripheral,0.35,16,0.351,"Выраженных признаков роли в доступной выборке нет. Вход: 1 пл., 50 000 KZT; выход: 2 пол., 344 222 KZT."
100000008648783100,peripheral,0.2,12,0.1919,"Колено 4: исходящие переводы за пределом обхода неизвестны. Вход: 1 пл., 5 200 KZT; выход: 0 пол., 0 KZT."
100000008649416100,peripheral,0.2,6,0.1915,"Колено 4: исходящие переводы за пределом обхода неизвестны. Вход: 1 пл., 5 000 KZT; выход: 0 пол., 0 KZT."
100000008650785100,peripheral,0.35,2,0.2387,"Выраженных признаков роли в доступной выборке нет. Вход: 2 пл., 92 000 KZT; выход: 2 пол., 120 120 KZT."
100000008652094100,terminal,0.55,4,0.3641,Получено 35 000 KZT от 1 плательщиков; исходящих переводов в выборке нет (колено 3).
100000008653041100,terminal,0.55,7,0.3007,Получено 28 000 KZT от 1 плательщиков; исходящих переводов в выборке нет (колено 3).
100000008654653100,peripheral,0.35,2,0.1308,"Выраженных признаков роли в доступной выборке нет. Вход: 0 пл., 0 KZT; выход: 1 пол., 54 000 KZT."
100000008655035100,terminal,0.55,11,0.3617,Получено 30 000 KZT от 1 плательщиков; исходящих переводов в выборке нет (колено 2).
100000008655779100,peripheral,0.35,21,0.3254,"Выраженных признаков роли в доступной выборке нет. Вход: 1 пл., 47 000 KZT; выход: 2 пол., 24 704 KZT."
100000008656043100,terminal,0.55,5,0.2997,Получено 26 200 KZT от 1 плательщиков; исходящих переводов в выборке нет (колено 2).
100000008659445100,peripheral,0.35,35,0.1771,"Выраженных признаков роли в доступной выборке нет. Вход: 3 пл., 138 490 KZT; выход: 4 пол., 875 150 KZT."
100000008659950100,terminal,0.55,3,0.4539,Получено 246 000 KZT от 1 плательщиков; исходящих переводов в выборке нет (колено 3).
100000008661550100,terminal,0.55,7,0.2975,Получено 22 800 KZT от 1 плательщиков; исходящих переводов в выборке нет (колено 3).
100000008661585100,terminal,0.55,5,0.3073,Получено 43 141 KZT от 1 плательщиков; исходящих переводов в выборке нет (колено 1).
100000008662216100,terminal,0.55,7,0.2997,Получено 26 200 KZT от 1 плательщиков; исходящих переводов в выборке нет (колено 3).
100000008662805100,terminal,0.55,7,0.2926,Получено 16 500 KZT от 1 плательщиков; исходящих переводов в выборке нет (колено 3).
100000008663007100,terminal,0.55,5,0.2901,Получено 14 000 KZT от 1 плательщиков; исходящих переводов в выборке нет (колено 1).
100000008663723100,terminal,0.55,7,0.2917,Получено 15 600 KZT от 1 плательщиков; исходящих переводов в выборке нет (колено 3).
100000008664469100,terminal,0.55,8,0.4789,Получено 25 000 KZT от 1 плательщиков; исходящих переводов в выборке нет (колено 1).
100000008664774100,terminal,0.55,7,0.2924,Получено 16 300 KZT от 1 плательщиков; исходящих переводов в выборке нет (колено 3).
100000008665380100,peripheral,0.35,4,0.3875,"Выраженных признаков роли в доступной выборке нет. Вход: 2 пл., 69 100 KZT; выход: 1 пол., 18 200 KZT."
100000008666075100,terminal,0.55,5,0.2997,Получено 26 217 KZT от 1 плательщиков; исходящих переводов в выборке нет (колено 1).
100000008667058100,terminal,0.55,5,0.2935,Получено 17 534 KZT от 1 плательщиков; исходящих переводов в выборке нет (колено 1).
100000008667795100,terminal,0.55,7,0.3037,Получено 34 000 KZT от 1 плательщиков; исходящих переводов в выборке нет (колено 3).
100000008667799100,terminal,0.55,7,0.3037,Получено 34 000 KZT от 1 плательщиков; исходящих переводов в выборке нет (колено 3).
100000008668099100,terminal,0.55,7,0.2918,Получено 15 700 KZT от 1 плательщиков; исходящих переводов в выборке нет (колено 3).
100000008669037100,peripheral,0.2,65,0.036,"Выраженных признаков роли в доступной выборке нет. Вход: 0 пл., 0 KZT; выход: 0 пол., 0 KZT."
100000008669310100,terminal,0.55,4,0.3722,Получено 59 567 KZT от 1 плательщиков; исходящих переводов в выборке нет (колено 3).
100000008670667100,terminal,0.55,5,0.2917,Получено 15 534 KZT от 1 плательщиков; исходящих переводов в выборке нет (колено 1).
100000008671026100,terminal,0.55,5,0.298,Получено 23 534 KZT от 1 плательщиков; исходящих переводов в выборке нет (колено 1).
100000008671081100,terminal,0.55,7,0.305,Получено 37 200 KZT от 1 плательщиков; исходящих переводов в выборке нет (колено 3).
100000008671129100,terminal,0.55,7,0.2997,Получено 26 200 KZT от 1 плательщиков; исходящих переводов в выборке нет (колено 3).
100000008671929100,terminal,0.55,8,0.4958,Получено 75 000 KZT от 1 плательщиков; исходящих переводов в выборке нет (колено 1).
100000008672162100,terminal,0.55,5,0.2917,Получено 15 550 KZT от 1 плательщиков; исходящих переводов в выборке нет (колено 1).
100000008672200100,terminal,0.55,5,0.2825,Получено 8 511 KZT от 1 плательщиков; исходящих переводов в выборке нет (колено 1).
100000008672480100,terminal,0.55,5,0.2889,Получено 13 000 KZT от 1 плательщиков; исходящих переводов в выборке нет (колено 2).
100000008672493100,terminal,0.55,7,0.2901,Получено 14 000 KZT от 1 плательщиков; исходящих переводов в выборке нет (колено 3).
100000008672603100,terminal,0.55,19,0.3564,Получено 21 200 KZT от 1 плательщиков; исходящих переводов в выборке нет (колено 2).
100000008672762100,terminal,0.55,5,0.2889,Получено 13 000 KZT от 1 плательщиков; исходящих переводов в выборке нет (колено 2).
100000008673001100,peripheral,0.35,16,0.1605,"Выраженных признаков роли в доступной выборке нет. Вход: 1 пл., 80 000 KZT; выход: 0 пол., 0 KZT."
100000008675322100,peripheral,0.2,6,0.3391,"Колено 4: исходящие переводы за пределом обхода неизвестны. Вход: 1 пл., 340 000 KZT; выход: 0 пол., 0 KZT."
100000008676812100,terminal,0.55,16,0.333,Получено 230 800 KZT от 1 плательщиков; исходящих переводов в выборке нет (колено 3).
100000008677215100,terminal,0.55,22,0.3433,Получено 9 000 KZT от 1 плательщиков; исходящих переводов в выборке нет (колено 3).
100000008677368100,peripheral,0.2,10,0.2036,"Колено 4: исходящие переводы за пределом обхода неизвестны. Вход: 1 пл., 13 500 KZT; выход: 0 пол., 0 KZT."
100000008677518100,terminal,0.55,7,0.3092,Получено 48 700 KZT от 1 плательщиков; исходящих переводов в выборке нет (колено 3).
100000008679986100,terminal,0.55,5,0.2948,Получено 19 000 KZT от 1 плательщиков; исходящих переводов в выборке нет (колено 1).
100000008680061100,peripheral,0.2,1,0.2173,"Колено 4: исходящие переводы за пределом обхода неизвестны. Вход: 1 пл., 41 300 KZT; выход: 0 пол., 0 KZT."
100000008680451100,terminal,0.55,5,0.298,Получено 23 534 KZT от 1 плательщиков; исходящих переводов в выборке нет (колено 1).
100000008680731100,distributor,1,13,0.2325,"Распределяет средства 27 получателям. Вход: 0 пл., 0 KZT; выход: 27 пол., 1 464 354 KZT."
100000008680912100,peripheral,0.35,17,0.3069,"Выраженных признаков роли в доступной выборке нет. Вход: 1 пл., 45 112 KZT; выход: 1 пол., 5 991 KZT."
100000008682426100,terminal,0.55,9,0.2955,Получено 20 000 KZT от 1 плательщиков; исходящих переводов в выборке нет (колено 3).
100000008683818100,terminal,0.55,5,0.2934,Получено 17 400 KZT от 1 плательщиков; исходящих переводов в выборке нет (колено 2).
100000008684452100,terminal,0.55,7,0.3101,Получено 51 800 KZT от 1 плательщиков; исходящих переводов в выборке нет (колено 3).
100000008684767100,terminal,0.55,7,0.3023,Получено 31 100 KZT от 1 плательщиков; исходящих переводов в выборке нет (колено 3).
100000008684951100,terminal,0.55,7,0.2932,Получено 17 200 KZT от 1 плательщиков; исходящих переводов в выборке нет (колено 3).
100000008686214100,terminal,0.55,10,0.3589,Получено 25 000 KZT от 1 плательщиков; исходящих переводов в выборке нет (колено 3).
100000008686234100,terminal,0.55,1,0.3061,Получено 39 778 KZT от 1 плательщиков; исходящих переводов в выборке нет (колено 1).
100000008686247100,peripheral,0.35,23,0.2971,"Выраженных признаков роли в доступной выборке нет. Вход: 1 пл., 22 000 KZT; выход: 1 пол., 5 000 KZT."
100000008686313100,coordinator,1,4,0.6586,"Связи от 3 исходных клиентов; высокая посредническая роль. Вход: 6 пл., 1 912 716 KZT; выход: 7 пол., 333 800 KZT."
100000008686494100,terminal,0.55,7,0.2918,Получено 15 700 KZT от 1 плательщиков; исходящих переводов в выборке нет (колено 3).
100000008687492100,terminal,0.55,5,0.2911,Получено 15 000 KZT от 1 плательщиков; исходящих переводов в выборке нет (колено 2).
100000008687617100,terminal,0.55,7,0.3074,Получено 43 350 KZT от 1 плательщиков; исходящих переводов в выборке нет (колено 3).
100000008687671100,terminal,0.55,5,0.3052,Получено 37 500 KZT от 1 плательщиков; исходящих переводов в выборке нет (колено 1).
100000008687733100,terminal,0.55,7,0.2908,Получено 14 650 KZT от 1 плательщиков; исходящих переводов в выборке нет (колено 3).
100000008687990100,terminal,0.55,7,0.2936,Получено 17 600 KZT от 1 плательщиков; исходящих переводов в выборке нет (колено 3).
100000008688109100,terminal,0.55,7,0.2887,Получено 12 800 KZT от 1 плательщиков; исходящих переводов в выборке нет (колено 3).
100000008688155100,terminal,0.55,7,0.2981,Получено 23 600 KZT от 1 плательщиков; исходящих переводов в выборке нет (колено 3).
100000008688476100,terminal,0.55,5,0.2983,Получено 24 000 KZT от 1 плательщиков; исходящих переводов в выборке нет (колено 2).
100000008688881100,terminal,0.55,5,0.3077,Получено 44 211 KZT от 1 плательщиков; исходящих переводов в выборке нет (колено 2).
100000008690762100,terminal,0.55,7,0.3,Получено 26 750 KZT от 1 плательщиков; исходящих переводов в выборке нет (колено 3).
100000008690932100,terminal,0.55,5,0.2977,Получено 23 000 KZT от 1 плательщиков; исходящих переводов в выборке нет (колено 1).
100000008691027100,terminal,0.55,5,0.2935,Получено 17 534 KZT от 1 плательщиков; исходящих переводов в выборке нет (колено 1).
100000008691168100,terminal,0.55,5,0.2983,Получено 24 000 KZT от 1 плательщиков; исходящих переводов в выборке нет (колено 2).
100000008691330100,terminal,0.55,5,0.2966,Получено 21 440 KZT от 1 плательщиков; исходящих переводов в выборке нет (колено 1).
100000008691495100,terminal,0.55,5,0.3001,Получено 27 000 KZT от 1 плательщиков; исходящих переводов в выборке нет (колено 1).
100000008692291100,transit,0.7849,3,0.5351,"Наблюдаемый выход/вход 0.97. 13% исходящего объёма в дни притока или через 1–2 дня. Вход: 3 пл., 160 000 KZT; выход: 3 пол., 156 000 KZT."
100000008693069100,terminal,0.55,5,0.2955,Получено 20 000 KZT от 1 плательщиков; исходящих переводов в выборке нет (колено 1).
100000008695133100,terminal,0.55,7,0.3048,Получено 36 610 KZT от 1 плательщиков; исходящих переводов в выборке нет (колено 3).
100000008695157100,peripheral,0.2,14,0.2459,"Колено 4: исходящие переводы за пределом обхода неизвестны. Вход: 1 пл., 425 546 KZT; выход: 0 пол., 0 KZT."
100000008695495100,terminal,0.55,5,0.2963,Получено 21 000 KZT от 1 плательщиков; исходящих переводов в выборке нет (колено 1).
100000008695566100,terminal,0.55,7,0.3035,Получено 33 700 KZT от 1 плательщиков; исходящих переводов в выборке нет (колено 3).
100000008695689100,terminal,0.55,7,0.2997,Получено 26 200 KZT от 1 плательщиков; исходящих переводов в выборке нет (колено 3).
100000008696692100,terminal,0.55,5,0.2948,Получено 19 000 KZT от 1 плательщиков; исходящих переводов в выборке нет (колено 2).
100000008696919100,terminal,0.55,5,0.3027,Получено 31 945 KZT от 1 плательщиков; исходящих переводов в выборке нет (колено 1).
100000008697670100,terminal,0.55,7,0.2992,Получено 25 350 KZT от 1 плательщиков; исходящих переводов в выборке нет (колено 3).
100000008699083100,peripheral,0.2,3,0.2388,"Колено 4: исходящие переводы за пределом обхода неизвестны. Вход: 1 пл., 238 500 KZT; выход: 0 пол., 0 KZT."
100000008701222100,peripheral,0.2,66,0.036,"Выраженных признаков роли в доступной выборке нет. Вход: 0 пл., 0 KZT; выход: 0 пол., 0 KZT."
100000008701256100,terminal,0.55,4,0.3719,Получено 58 250 KZT от 1 плательщиков; исходящих переводов в выборке нет (колено 2).
100000008701944100,terminal,0.55,15,0.3702,Получено 52 124 KZT от 1 плательщиков; исходящих переводов в выборке нет (колено 1).
100000008703533100,peripheral,0.2,3,0.2246,"Колено 4: исходящие переводы за пределом обхода неизвестны. Вход: 1 пл., 75 000 KZT; выход: 0 пол., 0 KZT."
100000008706846100,terminal,0.55,7,0.2903,Получено 14 200 KZT от 1 плательщиков; исходящих переводов в выборке нет (колено 3).
100000008706947100,terminal,0.55,7,0.2932,Получено 17 200 KZT от 1 плательщиков; исходящих переводов в выборке нет (колено 3).
100000008707810100,terminal,0.55,7,0.2997,Получено 26 200 KZT от 1 плательщиков; исходящих переводов в выборке нет (колено 3).
100000008708025100,terminal,0.55,21,0.2849,Получено 10 000 KZT от 1 плательщиков; исходящих переводов в выборке нет (колено 3).
100000008708061100,terminal,0.55,7,0.2827,Получено 8 650 KZT от 1 плательщиков; исходящих переводов в выборке нет (колено 3).
100000008708207100,terminal,0.55,3,0.4806,Получено 465 000 KZT от 2 плательщиков; исходящих переводов в выборке нет (колено 3).
100000008708368100,terminal,0.55,5,0.2981,Получено 23 677 KZT от 1 плательщиков; исходящих переводов в выборке нет (колено 1).
100000008708595100,terminal,0.55,7,0.2932,Получено 17 200 KZT от 1 плательщиков; исходящих переводов в выборке нет (колено 3).
100000008708743100,terminal,0.55,7,0.2917,Получено 15 550 KZT от 1 плательщиков; исходящих переводов в выборке нет (колено 3).
100000008710791100,distributor,1,3,0.723,"Распределяет средства 23 получателям. Вход: 3 пл., 181 510 KZT; выход: 23 пол., 5 521 511 KZT."
100000008710843100,coordinator,0.85,3,0.6308,"Связи от 3 исходных клиентов; высокая посредническая роль. Вход: 2 пл., 33 944 KZT; выход: 13 пол., 1 985 500 KZT."
100000008710913100,peripheral,0.2,3,0.2521,"Колено 4: исходящие переводы за пределом обхода неизвестны. Вход: 1 пл., 14 000 KZT; выход: 0 пол., 0 KZT."
100000008712036100,terminal,0.55,7,0.2963,Получено 21 000 KZT от 1 плательщиков; исходящих переводов в выборке нет (колено 3).
100000008712184100,terminal,0.55,7,0.2939,Получено 18 000 KZT от 1 плательщиков; исходящих переводов в выборке нет (колено 3).
100000008712827100,terminal,0.55,7,0.316,Получено 76 000 KZT от 1 плательщиков; исходящих переводов в выборке нет (колено 3).
100000008712991100,terminal,0.55,7,0.3138,Получено 66 100 KZT от 1 плательщиков; исходящих переводов в выборке нет (колено 3).
100000008713270100,peripheral,0.35,18,0.3506,"Выраженных признаков роли в доступной выборке нет. Вход: 1 пл., 30 000 KZT; выход: 3 пол., 190 000 KZT."
100000008713685100,terminal,0.55,7,0.3095,Получено 49 700 KZT от 1 плательщиков; исходящих переводов в выборке нет (колено 3).
100000008714412100,terminal,0.55,11,0.3282,Получено 169 000 KZT от 1 плательщиков; исходящих переводов в выборке нет (колено 3).
100000008715513100,peripheral,0.2,12,0.2144,"Колено 4: исходящие переводы за пределом обхода неизвестны. Вход: 1 пл., 32 500 KZT; выход: 0 пол., 0 KZT."
100000008715887100,terminal,0.55,7,0.2939,Получено 18 000 KZT от 1 плательщиков; исходящих переводов в выборке нет (колено 3).
100000008716072100,terminal,0.55,7,0.2878,Получено 12 100 KZT от 1 плательщиков; исходящих переводов в выборке нет (колено 3).
100000008716222100,terminal,0.55,5,0.2939,Получено 18 000 KZT от 1 плательщиков; исходящих переводов в выборке нет (колено 1).
100000008716439100,terminal,0.55,5,0.2881,Получено 12 267 KZT от 1 плательщиков; исходящих переводов в выборке нет (колено 1).
100000008716773100,terminal,0.55,5,0.2918,Получено 15 677 KZT от 1 плательщиков; исходящих переводов в выборке нет (колено 1).
100000008717340100,terminal,0.55,5,0.3067,Получено 41 500 KZT от 1 плательщиков; исходящих переводов в выборке нет (колено 1).
100000008717341100,terminal,0.55,5,0.2907,Получено 14 627 KZT от 1 плательщиков; исходящих переводов в выборке нет (колено 1).
100000008717375100,terminal,0.55,19,0.3615,Получено 29 506 KZT от 1 плательщиков; исходящих переводов в выборке нет (колено 2).
100000008717802100,terminal,0.55,7,0.2996,Получено 26 150 KZT от 1 плательщиков; исходящих переводов в выборке нет (колено 3).
100000008718089100,terminal,0.55,5,0.2917,Получено 15 534 KZT от 1 плательщиков; исходящих переводов в выборке нет (колено 1).
100000008718811100,terminal,0.55,7,0.3154,Получено 73 300 KZT от 1 плательщиков; исходящих переводов в выборке нет (колено 3).
100000008720668100,terminal,0.55,7,0.2921,Получено 16 000 KZT от 1 плательщиков; исходящих переводов в выборке нет (колено 3).
100000008720798100,terminal,0.55,5,0.2917,Получено 15 534 KZT от 1 плательщиков; исходящих переводов в выборке нет (колено 1).
100000008720856100,peripheral,0.35,18,0.3108,"Выраженных признаков роли в доступной выборке нет. Вход: 1 пл., 18 105 KZT; выход: 1 пол., 46 000 KZT."
100000008721637100,peripheral,0.35,11,0.3371,"Выраженных признаков роли в доступной выборке нет. Вход: 1 пл., 24 041 KZT; выход: 2 пол., 127 000 KZT."
100000008722328100,terminal,0.55,5,0.2981,Получено 23 677 KZT от 1 плательщиков; исходящих переводов в выборке нет (колено 1).
100000008722417100,peripheral,0.35,6,0.4958,"Выраженных признаков роли в доступной выборке нет. Вход: 1 пл., 331 900 KZT; выход: 3 пол., 720 000 KZT."
100000008722541100,peripheral,0.2,6,0.3367,"Колено 4: исходящие переводы за пределом обхода неизвестны. Вход: 1 пл., 280 000 KZT; выход: 0 пол., 0 KZT."
100000008723830100,transit,0.9012,2,0.4786,"Наблюдаемый выход/вход 0.99. 100% исходящего объёма в дни притока или через 1–2 дня. Вход: 2 пл., 459 785 KZT; выход: 1 пол., 455 000 KZT."
100000008724279100,terminal,0.55,2,0.3474,Получено 11 750 KZT от 1 плательщиков; исходящих переводов в выборке нет (колено 1).
100000008724461100,peripheral,0.35,3,0.3304,"Выраженных признаков роли в доступной выборке нет. Вход: 1 пл., 100 111 KZT; выход: 1 пол., 130 000 KZT."
100000008727982100,peripheral,0.2,11,0.2134,"Колено 4: исходящие переводы за пределом обхода неизвестны. Вход: 1 пл., 30 000 KZT; выход: 0 пол., 0 KZT."
100000008728457100,terminal,0.55,15,0.4879,Получено 45 000 KZT от 1 плательщиков; исходящих переводов в выборке нет (колено 1).
100000008729597100,terminal,0.55,10,0.3173,Получено 83 090 KZT от 1 плательщиков; исходящих переводов в выборке нет (колено 3).
100000008729801100,terminal,0.55,5,0.2935,Получено 17 534 KZT от 1 плательщиков; исходящих переводов в выборке нет (колено 1).
100000008730021100,terminal,0.55,15,0.3759,Получено 75 555 KZT от 1 плательщиков; исходящих переводов в выборке нет (колено 1).
100000008730238100,peripheral,0.2,3,0.2296,"Колено 4: исходящие переводы за пределом обхода неизвестны. Вход: 1 пл., 113 000 KZT; выход: 0 пол., 0 KZT."
100000008730371100,terminal,0.55,4,0.4224,Получено 520 000 KZT от 2 плательщиков; исходящих переводов в выборке нет (колено 3).
100000008730846100,consolidator,0.99,1,0.6438,"Получает от 7 разных плательщиков; связи от 4 исходных клиентов. Вход: 7 пл., 155 042 KZT; выход: 3 пол., 363 370 KZT."
100000008731444100,distributor,0.8738,10,0.5931,"Распределяет средства 9 получателям. Вход: 3 пл., 439 000 KZT; выход: 9 пол., 879 768 KZT."
100000008732098100,terminal,0.55,5,0.2918,Получено 15 677 KZT от 1 плательщиков; исходящих переводов в выборке нет (колено 1).
100000008732488100,peripheral,0.35,10,0.3235,"Выраженных признаков роли в доступной выборке нет. Вход: 1 пл., 137 000 KZT; выход: 1 пол., 10 000 KZT."
100000008733049100,terminal,0.55,2,0.4049,Получено 10 000 KZT от 1 плательщиков; исходящих переводов в выборке нет (колено 2).
100000008733194100,distributor,0.8316,17,0.6328,"Распределяет средства 8 получателям. Вход: 4 пл., 251 424 KZT; выход: 8 пол., 159 695 KZT."
100000008734279100,peripheral,0.2,14,0.214,"Колено 4: исходящие переводы за пределом обхода неизвестны. Вход: 1 пл., 31 650 KZT; выход: 0 пол., 0 KZT."
100000008734364100,terminal,0.55,5,0.2997,Получено 26 200 KZT от 1 плательщиков; исходящих переводов в выборке нет (колено 2).
100000008735384100,terminal,0.55,5,0.3058,Получено 39 220 KZT от 1 плательщиков; исходящих переводов в выборке нет (колено 1).
100000008735802100,peripheral,0.2,4,0.2741,"Колено 4: исходящие переводы за пределом обхода неизвестны. Вход: 1 пл., 85 000 KZT; выход: 0 пол., 0 KZT."
100000008735832100,terminal,0.55,7,0.2936,Получено 17 600 KZT от 1 плательщиков; исходящих переводов в выборке нет (колено 3).
100000008736173100,terminal,0.55,5,0.3023,Получено 31 060 KZT от 1 плательщиков; исходящих переводов в выборке нет (колено 1).
100000008736394100,terminal,0.55,5,0.2921,Получено 16 000 KZT от 1 плательщиков; исходящих переводов в выборке нет (колено 2).
100000008736760100,terminal,0.55,5,0.3109,Получено 54 757 KZT от 1 плательщиков; исходящих переводов в выборке нет (колено 1).
100000008736940100,peripheral,0.35,35,0.3808,"Выраженных признаков роли в доступной выборке нет. Вход: 3 пл., 451 090 KZT; выход: 3 пол., 182 100 KZT."
100000008737422100,terminal,0.55,5,0.3161,Получено 76 903 KZT от 1 плательщиков; исходящих переводов в выборке нет (колено 1).
100000008737514100,terminal,0.55,2,0.4377,Получено 85 000 KZT от 1 плательщиков; исходящих переводов в выборке нет (колено 2).
100000008737958100,terminal,0.55,5,0.3275,Получено 53 373 KZT от 2 плательщиков; исходящих переводов в выборке нет (колено 1).
100000008738325100,peripheral,0.35,16,0.169,"Выраженных признаков роли в доступной выборке нет. Вход: 1 пл., 36 550 KZT; выход: 1 пол., 54 000 KZT."
100000008738526100,peripheral,0.35,3,0.3243,"Выраженных признаков роли в доступной выборке нет. Вход: 1 пл., 15 000 KZT; выход: 1 пол., 140 000 KZT."
100000008738658100,terminal,0.55,7,0.3017,Получено 29 920 KZT от 1 плательщиков; исходящих переводов в выборке нет (колено 3).
100000008739887100,peripheral,0.35,4,0.4246,"Выраженных признаков роли в доступной выборке нет. Вход: 2 пл., 214 000 KZT; выход: 2 пол., 307 000 KZT."
100000008740295100,peripheral,0.2,3,0.2896,"Колено 4: исходящие переводы за пределом обхода неизвестны. Вход: 1 пл., 300 000 KZT; выход: 0 пол., 0 KZT."
100000008740793100,terminal,0.55,7,0.2963,Получено 21 000 KZT от 1 плательщиков; исходящих переводов в выборке нет (колено 3).
100000008741372100,terminal,0.55,5,0.3045,Получено 35 975 KZT от 1 плательщиков; исходящих переводов в выборке нет (колено 1).
100000008742053100,distributor,0.9979,3,0.5601,"Распределяет средства 12 получателям. Вход: 1 пл., 10 000 KZT; выход: 12 пол., 2 789 000 KZT."
100000008742266100,terminal,0.55,5,0.2963,Получено 21 000 KZT от 1 плательщиков; исходящих переводов в выборке нет (колено 2).
100000008743913100,distributor,1,3,0.6874,"Распределяет средства 13 получателям. Вход: 3 пл., 149 300 KZT; выход: 13 пол., 1 850 600 KZT."
100000008744364100,terminal,0.55,7,0.2981,Получено 23 700 KZT от 1 плательщиков; исходящих переводов в выборке нет (колено 3).
100000008744799100,terminal,0.55,7,0.2885,Получено 12 600 KZT от 1 плательщиков; исходящих переводов в выборке нет (колено 3).
100000008744849100,terminal,0.55,5,0.3078,Получено 44 445 KZT от 1 плательщиков; исходящих переводов в выборке нет (колено 1).
100000008745474100,terminal,0.55,5,0.3064,Получено 40 559 KZT от 1 плательщиков; исходящих переводов в выборке нет (колено 1).
100000008745489100,terminal,0.55,5,0.3112,Получено 55 539 KZT от 1 плательщиков; исходящих переводов в выборке нет (колено 1).
100000008745643100,terminal,0.55,5,0.2958,Получено 20 313 KZT от 1 плательщиков; исходящих переводов в выборке нет (колено 1).
100000008745676100,peripheral,0.2,7,0.2151,"Колено 4: исходящие переводы за пределом обхода неизвестны. Вход: 1 пл., 34 547 KZT; выход: 0 пол., 0 KZT."
100000008745725100,terminal,0.55,5,0.3086,Получено 47 060 KZT от 1 плательщиков; исходящих переводов в выборке нет (колено 1).
100000008745863100,terminal,0.55,7,0.2976,Получено 22 900 KZT от 1 плательщиков; исходящих переводов в выборке нет (колено 3).
100000008745884100,terminal,0.55,7,0.2955,Получено 20 000 KZT от 1 плательщиков; исходящих переводов в выборке нет (колено 3).
100000008746025100,terminal,0.55,5,0.297,Получено 22 000 KZT от 1 плательщиков; исходящих переводов в выборке нет (колено 1).
100000008746449100,distributor,0.9101,3,0.5904,"Распределяет средства 10 получателям. Вход: 1 пл., 10 000 KZT; выход: 10 пол., 1 009 000 KZT."
100000008746673100,terminal,0.55,5,0.3105,Получено 53 048 KZT от 1 плательщиков; исходящих переводов в выборке нет (колено 1).
100000008747113100,terminal,0.55,6,0.5276,Получено 197 801 KZT от 2 плательщиков; исходящих переводов в выборке нет (колено 1).
100000008748408100,distributor,1,18,0.5123,"Распределяет средства 21 получателям. Вход: 1 пл., 360 000 KZT; выход: 21 пол., 1 499 960 KZT."
100000008748795100,terminal,0.55,4,0.3686,Получено 47 057 KZT от 1 плательщиков; исходящих переводов в выборке нет (колено 3).
100000008748914100,distributor,1,8,0.5253,"Распределяет средства 13 получателям. Вход: 2 пл., 180 000 KZT; выход: 13 пол., 4 471 847 KZT."
100000008749063100,terminal,0.55,5,0.2948,Получено 19 000 KZT от 1 плательщиков; исходящих переводов в выборке нет (колено 1).
100000008749405100,terminal,0.55,7,0.305,Получено 37 150 KZT от 1 плательщиков; исходящих переводов в выборке нет (колено 3).
100000008749406100,terminal,0.55,5,0.2932,Получено 17 144 KZT от 1 плательщиков; исходящих переводов в выборке нет (колено 1).
100000008749618100,terminal,0.55,5,0.3087,Получено 47 280 KZT от 1 плательщиков; исходящих переводов в выборке нет (колено 1).
100000008749900100,terminal,0.55,7,0.2932,Получено 17 150 KZT от 1 плательщиков; исходящих переводов в выборке нет (колено 3).
100000008749989100,terminal,0.55,5,0.2921,Получено 16 000 KZT от 1 плательщиков; исходящих переводов в выборке нет (колено 2).
100000008750464100,terminal,0.55,7,0.2824,Получено 8 500 KZT от 1 плательщиков; исходящих переводов в выборке нет (колено 3).
100000008751349100,terminal,0.55,27,0.2872,Получено 11 630 KZT от 1 плательщиков; исходящих переводов в выборке нет (колено 3).
100000008751380100,terminal,0.55,3,0.5361,Получено 345 780 KZT от 2 плательщиков; исходящих переводов в выборке нет (колено 3).
100000008751429100,peripheral,0.35,35,0.3618,"Выраженных признаков роли в доступной выборке нет. Вход: 3 пл., 386 200 KZT; выход: 1 пол., 72 600 KZT."
100000008752616100,peripheral,0.35,3,0.5902,"Выраженных признаков роли в доступной выборке нет. Вход: 2 пл., 64 510 KZT; выход: 7 пол., 1 265 000 KZT."
100000008753061100,terminal,0.55,7,0.3009,Получено 28 400 KZT от 1 плательщиков; исходящих переводов в выборке нет (колено 3).
100000008753193100,terminal,0.55,5,0.3042,Получено 35 225 KZT от 1 плательщиков; исходящих переводов в выборке нет (колено 1).
100000008753897100,terminal,0.55,7,0.2984,Получено 24 050 KZT от 1 плательщиков; исходящих переводов в выборке нет (колено 3).
100000008754608100,terminal,0.55,7,0.2881,Получено 12 300 KZT от 1 плательщиков; исходящих переводов в выборке нет (колено 3).
100000008754747100,terminal,0.55,7,0.3081,Получено 45 500 KZT от 1 плательщиков; исходящих переводов в выборке нет (колено 3).
100000008754997100,terminal,0.55,7,0.2939,Получено 18 000 KZT от 1 плательщиков; исходящих переводов в выборке нет (колено 3).
100000008755168100,terminal,0.55,7,0.2936,Получено 17 600 KZT от 1 плательщиков; исходящих переводов в выборке нет (колено 3).
100000008755361100,terminal,0.55,5,0.2907,Получено 14 627 KZT от 1 плательщиков; исходящих переводов в выборке нет (колено 1).
100000008755580100,terminal,0.55,7,0.2921,Получено 16 000 KZT от 1 плательщиков; исходящих переводов в выборке нет (колено 3).
100000008755754100,terminal,0.55,13,0.2795,Получено 7 000 KZT от 1 плательщиков; исходящих переводов в выборке нет (колено 3).
100000008757301100,peripheral,0.2,4,0.2215,"Колено 4: исходящие переводы за пределом обхода неизвестны. Вход: 1 пл., 58 398 KZT; выход: 0 пол., 0 KZT."
100000008757369100,peripheral,0.35,4,0.315,"Выраженных признаков роли в доступной выборке нет. Вход: 1 пл., 25 961 KZT; выход: 1 пол., 58 398 KZT."
100000008758106100,peripheral,0.2,3,0.2479,"Колено 4: исходящие переводы за пределом обхода неизвестны. Вход: 1 пл., 10 000 KZT; выход: 0 пол., 0 KZT."
100000008758168100,peripheral,0.35,3,0.5819,"Выраженных признаков роли в доступной выборке нет. Вход: 2 пл., 75 410 KZT; выход: 5 пол., 1 533 600 KZT."
100000008758607100,peripheral,0.2,3,0.2395,"Колено 4: исходящие переводы за пределом обхода неизвестны. Вход: 1 пл., 5 000 KZT; выход: 0 пол., 0 KZT."
100000008759795100,peripheral,0.2,12,0.2064,"Колено 4: исходящие переводы за пределом обхода неизвестны. Вход: 1 пл., 17 000 KZT; выход: 0 пол., 0 KZT."
100000008759857100,peripheral,0.35,3,0.4845,"Выраженных признаков роли в доступной выборке нет. Вход: 1 пл., 5 000 KZT; выход: 2 пол., 994 000 KZT."
100000008760098100,peripheral,0.35,3,0.4584,"Выраженных признаков роли в доступной выборке нет. Вход: 1 пл., 7 000 KZT; выход: 1 пол., 390 000 KZT."
100000008761132100,peripheral,0.2,3,0.2479,"Колено 4: исходящие переводы за пределом обхода неизвестны. Вход: 1 пл., 10 000 KZT; выход: 0 пол., 0 KZT."
100000008761219100,peripheral,0.35,3,0.5416,"Выраженных признаков роли в доступной выборке нет. Вход: 2 пл., 50 000 KZT; выход: 2 пол., 375 000 KZT."
100000008761220100,peripheral,0.2,3,0.2479,"Колено 4: исходящие переводы за пределом обхода неизвестны. Вход: 1 пл., 10 000 KZT; выход: 0 пол., 0 KZT."
100000008762005100,peripheral,0.2,3,0.1915,"Колено 4: исходящие переводы за пределом обхода неизвестны. Вход: 1 пл., 5 000 KZT; выход: 0 пол., 0 KZT."
100000008762728100,terminal,0.55,2,0.4131,Получено 17 026 KZT от 1 плательщиков; исходящих переводов в выборке нет (колено 2).
100000008762832100,peripheral,0.35,8,0.3302,"Выраженных признаков роли в доступной выборке нет. Вход: 1 пл., 150 000 KZT; выход: 1 пол., 85 000 KZT."
100000008762843100,peripheral,0.2,3,0.1956,"Колено 4: исходящие переводы за пределом обхода неизвестны. Вход: 1 пл., 7 000 KZT; выход: 0 пол., 0 KZT."
100000008762885100,peripheral,0.2,3,0.1956,"Колено 4: исходящие переводы за пределом обхода неизвестны. Вход: 1 пл., 7 000 KZT; выход: 0 пол., 0 KZT."
100000008763688100,terminal,0.55,7,0.2963,Получено 21 000 KZT от 1 плательщиков; исходящих переводов в выборке нет (колено 3).
100000008764436100,terminal,0.55,5,0.2891,Получено 13 100 KZT от 1 плательщиков; исходящих переводов в выборке нет (колено 2).
100000008764654100,terminal,0.55,7,0.2996,Получено 26 150 KZT от 1 плательщиков; исходящих переводов в выборке нет (колено 3).
100000008765494100,terminal,0.55,5,0.2983,Получено 24 000 KZT от 1 плательщиков; исходящих переводов в выборке нет (колено 2).
100000008765627100,terminal,0.55,18,0.3123,Получено 60 000 KZT от 1 плательщиков; исходящих переводов в выборке нет (колено 2).
100000008766031100,peripheral,0.2,3,0.2395,"Колено 4: исходящие переводы за пределом обхода неизвестны. Вход: 1 пл., 5 000 KZT; выход: 0 пол., 0 KZT."
100000008766764100,peripheral,0.2,3,0.2395,"Колено 4: исходящие переводы за пределом обхода неизвестны. Вход: 1 пл., 5 000 KZT; выход: 0 пол., 0 KZT."
100000008767027100,terminal,0.55,3,0.3943,Получено 5 000 KZT от 1 плательщиков; исходящих переводов в выборке нет (колено 3).
100000008767065100,terminal,0.55,3,0.4049,Получено 10 000 KZT от 1 плательщиков; исходящих переводов в выборке нет (колено 3).
100000008767925100,terminal,0.55,5,0.2932,Получено 17 144 KZT от 1 плательщиков; исходящих переводов в выборке нет (колено 1).
100000008767950100,terminal,0.55,7,0.2934,Получено 17 350 KZT от 1 плательщиков; исходящих переводов в выборке нет (колено 3).
100000008768896100,terminal,0.55,5,0.3086,Получено 47 060 KZT от 1 плательщиков; исходящих переводов в выборке нет (колено 1).
100000008769097100,terminal,0.55,7,0.3023,Получено 31 100 KZT от 1 плательщиков; исходящих переводов в выборке нет (колено 3).
100000008769636100,terminal,0.55,5,0.2978,Получено 23 118 KZT от 1 плательщиков; исходящих переводов в выборке нет (колено 1).
100000008770483100,peripheral,0.2,3,0.2395,"Колено 4: исходящие переводы за пределом обхода неизвестны. Вход: 1 пл., 5 000 KZT; выход: 0 пол., 0 KZT."
100000008771627100,terminal,0.55,5,0.2926,Получено 16 500 KZT от 1 плательщиков; исходящих переводов в выборке нет (колено 2).
100000008771814100,terminal,0.55,5,0.2981,Получено 23 700 KZT от 1 плательщиков; исходящих переводов в выборке нет (колено 2).
100000008771819100,terminal,0.55,5,0.3057,Получено 38 900 KZT от 1 плательщиков; исходящих переводов в выборке нет (колено 1).
100000008772058100,terminal,0.55,5,0.3096,Получено 50 000 KZT от 1 плательщиков; исходящих переводов в выборке нет (колено 2).
100000008772246100,terminal,0.55,7,0.3078,Получено 44 500 KZT от 1 плательщиков; исходящих переводов в выборке нет (колено 3).
100000008773876100,terminal,0.55,5,0.2996,Получено 26 120 KZT от 1 плательщиков; исходящих переводов в выборке нет (колено 1).
100000008774237100,peripheral,0.35,24,0.3093,"Выраженных признаков роли в доступной выборке нет. Вход: 1 пл., 50 000 KZT; выход: 1 пол., 10 000 KZT."
100000008775471100,terminal,0.55,3,0.3471,Получено 580 000 KZT от 1 плательщиков; исходящих переводов в выборке нет (колено 3).
100000008775747100,peripheral,0.2,3,0.2395,"Колено 4: исходящие переводы за пределом обхода неизвестны. Вход: 1 пл., 5 000 KZT; выход: 0 пол., 0 KZT."
100000008776298100,terminal,0.55,5,0.3072,Получено 42 800 KZT от 1 плательщиков; исходящих переводов в выборке нет (колено 1).
100000008776310100,terminal,0.55,7,0.2949,Получено 19 200 KZT от 1 плательщиков; исходящих переводов в выборке нет (колено 3).
100000008776420100,terminal,0.55,7,0.3146,Получено 69 500 KZT от 1 плательщиков; исходящих переводов в выборке нет (колено 3).
100000008776576100,terminal,0.55,5,0.2909,Получено 14 765 KZT от 1 плательщиков; исходящих переводов в выборке нет (колено 1).
100000008776720100,terminal,0.55,7,0.2996,Получено 26 150 KZT от 1 плательщиков; исходящих переводов в выборке нет (колено 3).
100000008777088100,terminal,0.55,5,0.2939,Получено 18 000 KZT от 1 плательщиков; исходящих переводов в выборке нет (колено 1).
100000008778010100,peripheral,0.2,7,0.2249,"Колено 4: исходящие переводы за пределом обхода неизвестны. Вход: 1 пл., 76 950 KZT; выход: 0 пол., 0 KZT."
100000008778753100,peripheral,0.2,26,0.1999,"Колено 4: исходящие переводы за пределом обхода неизвестны. Вход: 1 пл., 10 000 KZT; выход: 0 пол., 0 KZT."
100000008779584100,terminal,0.55,5,0.3024,Получено 31 400 KZT от 1 плательщиков; исходящих переводов в выборке нет (колено 1).
100000008782056100,terminal,0.55,5,0.3013,Получено 29 082 KZT от 1 плательщиков; исходящих переводов в выборке нет (колено 1).
100000008782421100,terminal,0.55,5,0.3095,Получено 49 680 KZT от 1 плательщиков; исходящих переводов в выборке нет (колено 1).
100000008782800100,terminal,0.55,5,0.3074,Получено 43 381 KZT от 1 плательщиков; исходящих переводов в выборке нет (колено 1).
